Reference, Quantity, Value, Footprint, Datasheet, MPN, ON_FARNELL, ATTRIBUTE
C130 C131 C132 C133 C162 C163 C164 C165 ,8,"10n","Capacitor_SMD:C_0603_1608Metric","https://api.kemet.com/component-edge/download/specsheet/C0603C103K1RACTU.pdf","C0603C103K1RACTU","1865545",""
C134 C136 C166 C168 ,4,"33p","Capacitor_SMD:C_0603_1608Metric","https://api.kemet.com/component-edge/download/specsheet/C0603C330J5GACTU.pdf","C0603C330J5GACTU","1414633",""
C208 ,1,"820p","Capacitor_SMD:C_0603_1608Metric","https://api.kemet.com/component-edge/download/specsheet/C0603C821J5RACTU.pdf","C0603C821J5RACTU","2904785",""
C215 ,1,"100p","Capacitor_SMD:C_0603_1608Metric","https://api.kemet.com/component-edge/download/specsheet/C0603C101J5RACTU.pdf","C0603C101J5RACTU","2773107",""
C219 C246 C245 ,3,"1n","Capacitor_SMD:C_0603_1608Metric","http://www.farnell.com/datasheets/2740652.pdf","C0603C102K5RACTU","1414608","50V"
C220 C248 ,2,"47u","Capacitor_SMD:C_1210_3225Metric","http://www.farnell.com/datasheets/2048597.pdf","GRM32EC81C476KE15L","1907527","16V"
C225 ,1,"330p","Capacitor_SMD:C_0603_1608Metric","https://api.kemet.com/component-edge/download/specsheet/C0603C331K5RACTU.pdf","C0603C331K5RACTU","2429352",""
C233 ,1,"150p","Capacitor_SMD:C_0603_1608Metric","http://www.farnell.com/datasheets/1955681.pdf","C0603C151J5GACTU","1414615",""
C247 C243 ,2,"100u","Capacitor_SMD:C_1210_3225Metric","https://api.kemet.com/component-edge/download/specsheet/C1210C107M4PACTU.pdf","C1210C107M4PACTU","2491298","16V"
C27 C161 C193 ,3,"10u","Capacitor_SMD:C_0805_2012Metric","https://api.kemet.com/component-edge/download/specsheet/C0805C106K8RACTU.pdf","C0805C106K8RACTU","2118132",""
C29 C34 C62 C86 C110 C122 C118 C128 C124 C198 C194 C200 ,12,"100n","Capacitor_SMD:C_0805_2012Metric","https://api.kemet.com/component-edge/download/specsheet/C0805C104K5RACTU.pdf","C0805C104K5RACTU","1414664",""
C33 C39 C40 C41 C42 C43 C44 C45 C51 C75 C99 C160 C192 ,13,"1u","Capacitor_SMD:C_0805_2012Metric","https://api.kemet.com/component-edge/download/specsheet/C0805C105K3PACTU.pdf","C0805C105K3PACTU","1463389",""
C4 C3 C2 C1 C12 C11 C10 C9 C18 C17 C16 C15 C22 C21 C20 C19 C24 C25 C26 C8 C7 C28 C30 C32 C31 C37 C36 C38 C35 C69 C68 C66 C65 C64 C63 C59 C58 C57 C56 C55 C52 C53 C48 C47 C61 C67 C93 C92 C91 C90 C89 C88 C87 C83 C82 C81 C80 C79 C76 C77 C72 C71 C85 C117 C116 C115 C114 C113 C112 C111 C107 C106 C105 C104 C103 C100 C101 C96 C95 C109 C121 C127 C140 C141 C142 C143 C144 C145 C146 C147 C148 C149 C150 C152 C153 C154 C156 C157 C158 C159 C139 C138 C172 C173 C174 C175 C176 C177 C178 C179 C180 C181 C182 C184 C185 C186 C188 C189 C190 C191 C171 C170 C197 C203 C207 C206 C214 C213 C237 C238 C224 C223 C232 C231 C244 C241 C242 ,137,"100n","Capacitor_SMD:C_0603_1608Metric","https://api.kemet.com/component-edge/download/specsheet/C0603C104M4RACTU.pdf","C0603C104M4RACTU","2581045","16V"
C46 C70 C94 C151 C135 C137 C183 C167 C169 ,9,"4u7","Capacitor_SMD:C_0805_2012Metric","http://www.farnell.com/datasheets/2079186.pdf","GRM21BR61H475KE51L","2611942","50V"
C49 C50 C250 C253 C251 C252 C73 C74 C254 C257 C255 C256 C97 C98 C258 C261 C259 C260 ,18,"15p","Capacitor_SMD:C_0603_1608Metric","https://api.kemet.com/component-edge/download/specsheet/C0603C475K8PACTU.pdf","C0603C150J5GACTU","1414614",""
C5 C6 C13 C14 C23 C119 C123 C120 C125 C129 C126 C155 C187 C195 C199 C196 C201 C202 C209 C210 C204 C205 C240 C239 C227 C228 C226 C235 C236 C234 C249 ,31,"47u","Capacitor_SMD:C_0805_2012Metric","http://www.farnell.com/datasheets/2047835.pdf","GRM21BR60J476ME15L","2362109",""
C54 C78 C102 C216 C217 C211 C218 C212 C221 C229 C230 C222 ,12,"22u","Capacitor_SMD:C_0805_2012Metric","https://api.kemet.com/component-edge/download/specsheet/C0805C226M9PACTU.pdf","C0805C226M9PACTU","1108326",""
C60 C84 C108 ,3,"22n","Capacitor_SMD:C_0603_1608Metric","https://api.kemet.com/component-edge/download/specsheet/C0603C475K8PACTU.pdf","C0603C223K1RACTU","1865548",""
D1 D13 D15 D17 D19 D23 D25 D27 ,8,"ECMF02-2AMX6","Package_DFN_QFN:ST_UQFN-6L_1.5x1.7mm_Pitch0.5mm","https://www.st.com/resource/en/datasheet/ecmf02-2amx6.pdf","ECMF02-2AMX6","2629720",""
D2 D14 D16 D18 D20 D24 D26 D28 ,8,"PESD5V0L1BA","Diode_SMD:D_SOD-323_HandSoldering","http://www.farnell.com/datasheets/682594.pdf","PESD5V0L1BA,115","8737606",""
D29 ,1,"14V","Diode_SMD:D_SOT-23_ANK","http://www.farnell.com/datasheets/2236794.pdf","MMBZ5244BLT1G","2844829",""
D3 D5 D7 D9 D4 D6 D8 D10 D11 D12 D21 D22 ,12,"LED","LED_SMD:LED_0805_2012Metric_Pad1.15x1.40mm_HandSolder","http://www.farnell.com/datasheets/1854080.pdf","KP-2012LSGC","2463991",""
F1 F2 F3 F4 F5 F6 F7 F8 F9 ,9,"500mA","Fuse:Fuse_1206_3216Metric","http://www.littelfuse.com/data/en/Data_Sheets/Littelfuse_PTC_1206L.pdf","1206L050YR","1596993",""
F10 ,1,"2A","Fuse:Fuse_1812_4532Metric","https://www.farnell.com/datasheets/578288.pdf","1812L200THPR","1822216",""
FB1 FB2 FB3 FB4 FB5 FB6 FB7 FB8 FB9 FB10 FB11 FB12 FB13 FB14 FB15 FB16 FB17 FB18 ,18,"2.0A","Inductor_SMD:L_0603_1608Metric_Pad1.05x0.95mm_HandSolder","http://www.farnell.com/datasheets/1740433.pdf","BLM18PG121SN1D","1515738",""
IC1 ,1,"ESD8040","ESD8040:ESD8040","http://www.farnell.com/datasheets/2355017.pdf","ESD8040MUTAG","2533264",""
IC10 IC11 IC16 IC17 ,4,"MIC2026-1YM","Package_SO:SOIC-8_3.9x4.9mm_P1.27mm","http://www.farnell.com/datasheets/712329.pdf","MIC2026-1YM","2509897",""
IC12 IC14 ,2,"TUSB9261IPVP","TUSB9261IPVP:PQFP-64_7x7mm_P0.4mm","https://www.ti.com/lit/ds/symlink/tusb9261.pdf","TUSB9261IPVP","3124773",""
IC13 IC15 ,2,"IS25LQ010B","Package_SO:SOIC-8_3.9x4.9mm_P1.27mm","http://www.farnell.com/datasheets/1669409.pdf","IS25LQ010B-JNLE","2901147",""
IC19 IC18 IC22 IC21 ,4,"TPS54308","Package_TO_SOT_SMD:SOT-23-6","https://www.ti.com/lit/ds/symlink/tps54308.pdf","TPS54308DDCT","3007333",""
IC2 ,1,"CP2102-GM","Package_DFN_QFN:QFN-28-1EP_5x5mm_P0.5mm_EP3.35x3.35mm","http://www.farnell.com/datasheets/2167291.pdf","CP2102-GM","9282130",""
IC20 ,1,"FDC6330L","FDC6330L:FDC6330L","https://www.onsemi.com/pub/Collateral/FDC6330L-D.PDF","FDC6330L","9844864",""
IC23 ,1,"NCP718ASN250","Package_TO_SOT_SMD:SOT-23-5","http://www.farnell.com/datasheets/2711392.pdf","NCP718ASN250T1G","2981161",""
IC24 ,1,"LM2937IMP-3.3","Package_TO_SOT_SMD:SOT-223-3_TabPin2","https://www.ti.com/lit/ds/symlink/lm2937.pdf","LM2937IMP-3.3/NOPB","3122675",""
IC3 ,1,"ATMEGA328P-AU","Package_QFP:TQFP-32_7x7mm_P0.8mm","http://ww1.microchip.com/downloads/en/DeviceDoc/ATmega48A-PA-88A-PA-168A-PA-328-P-DS-DS40002061A.pdf","ATMEGA328P-AU","1715486",""
IC4 IC6 IC8 ,3,"LAN9514-JZX-TR","LAN9514-JZX-TR:QFN-64-1EP_9x9mm_P0.5mm_EP7.15x7.15mm_ThermalVias","http://ww1.microchip.com/downloads/en/devicedoc/00002306a.pdf","LAN9514-JZX-TR","3131908",""
IC5 IC7 IC9 ,3,"93LC66A-I_SN","Package_SO:SOIC-8_3.9x4.9mm_P1.27mm","https://www.mouser.ch/datasheet/2/268/21795b-75092.pdf","93LC66A-I_SN","2851654",""
J1 ,1,"Conn_RPi","Connector_PinHeader_2.54mm:PinHeader_2x20_P2.54mm_Vertical","https://www.molex.com/webdocs/datasheets/pdf/en-us/0010897402_PCB_HEADERS.pdf","10-89-7402","2396214",""
J12 J11 J13 J14 ,4,"Conn_USB_A","73725-0110BLF:73725-0110BLF","http://www.farnell.com/cad/2562142.pdf","73725-0110BLF ","2112380",""
J15 J16 ,2,"Conn_SATA","87678-1001:87678-1001","http://www.farnell.com/datasheets/2832428.pdf","87678-1001","3226185",""
J17 J18 J19 ,3,"Conn_USB_A","1734366-1:1734366-1","http://www.farnell.com/datasheets/1650952.pdf","1734366-1","1654064",""
J2 ,1,"Conn_Micro_SD_Card","693071010811:693071010811","http://katalog.we-online.de/datasheet/693071010811.pdf","693071010811","2081363",""
J20 ,1,"Conn_DC_Supply","TerminalBlock:TerminalBlock_bornier-2_P5.08mm","http://www.newark.com/pdfs/datasheets/spc/Ta-987.pdf","MC24366 ","2396251",""
J3 ,1,"Conn_HDMI_A","47151-1051:47151-1051","http://www.farnell.com/datasheets/2696868.pdf","47151-1051 ","2614936",""
J4 ,1,"Conn_DISPLAY","1-1734248-5:1-1734248-5","http://www.farnell.com/datasheets/1838449.pdf","1-1734248-5","2890893",""
J5 ,1,"Conn_USB_B_Micro","Connector_USB:USB_Micro-B_Molex-105017-0001","http://www.farnell.com/datasheets/2693980.pdf","105017-0001","2293836",""
J6 ,1,"Conn_AVR_ISP_6P","Connector_PinHeader_2.54mm:PinHeader_2x03_P2.54mm_Vertical","http://www.farnell.com/datasheets/38081.pdf","826942-3","1248159",""
J7 ,1,"Conn_01x03_Male","Connector_PinHeader_2.54mm:PinHeader_1x03_P2.54mm_Vertical","http://www.farnell.com/datasheets/32535.pdf","826629-3","3418297",""
J8 J9 J10 ,3,"Conn_RJ45_MAG","RJMG163118101NR:RJMG163118101NR","http://www.farnell.com/cad/2577820.pdf","RJMG163118101NR","1357436",""
L1 ,1,"15uH","Inductor_SMD:L_Bourns_SRR1260","https://www.bourns.com/docs/Product-Datasheets/SRR1260.pdf","SRR1260-150M","2113015",""
L2 ,1,"10uH","Inductor_SMD:L_Bourns_SRR1260","https://www.bourns.com/docs/Product-Datasheets/SRR1260.pdf","SRR1260-100M","2212501",""
L3 L4 ,2,"12uH","Inductor_SMD:L_Bourns_SRR1260","https://www.bourns.com/docs/Product-Datasheets/SRR1260.pdf","SRR1260-120M","2859155",""
L5 ,1,"MSD1260-103MLB","MSD1260-103MLB:MSD1260-103MLB","https://www.coilcraft.com/getmedia/79bacbf1-ec2a-4e20-9b30-12448424231b/msd1260.pdf","MSD1260-103MLB","2288031",""
MOD1 ,1,"CM3+Lite Connector","1612618-4:1612618-4","http://www.farnell.com/datasheets/1794089.pdf","1612618-4","2396418",""
Q2 Q1 ,2,"DMG1012T","SOT-532:SOT-532","http://www.farnell.com/datasheets/2040092.pdf","DMG1012T-7","2543524",""
Q3 ,1,"Si2319CDS","Package_TO_SOT_SMD:SOT-23","http://www.farnell.com/datasheets/2049359.pdf","SI2319CDS-T1-GE3","1858942",""
R104 R121 ,2,"90K9","Resistor_SMD:R_0603_1608Metric","https://www.vishay.com/docs/20035/dcrcwe3.pdf","CRCW060390K9FKEA","2138493",""
R145 R168 ,2,"20K","Resistor_SMD:R_0603_1608Metric","https://www.vishay.com/docs/20035/dcrcwe3.pdf","CRCW060320K0FKEA","1469774",""
R148 ,1,"2K7","Resistor_SMD:R_0603_1608Metric","https://www.vishay.com/docs/20035/dcrcwe3.pdf","CRCW06032K70FKEA","1469768",""
R149 R177 ,2,"3K","Resistor_SMD:R_0603_1608Metric","https://www.vishay.com/docs/20035/dcrcwe3.pdf","CRCW06033K00FKEA","1469790",""
R152 ,1,"68K","Resistor_SMD:R_0603_1608Metric","https://www.vishay.com/docs/20035/dcrcwe3.pdf","CRCW060368K0FKEA","1469832",""
R153 R146 R172 R165 ,4,"2K2","Resistor_SMD:R_0603_1608Metric","https://www.vishay.com/docs/20035/dcrcwe3.pdf","CRCW06032K20FKEA","2122405",""
R154 ,1,"62K","Resistor_SMD:R_0603_1608Metric","https://www.vishay.com/docs/20035/dcrcwe3.pdf","CRCW060362K0FKEA","2138478",""
R155 ,1,"15K","Resistor_SMD:R_0603_1608Metric","https://www.vishay.com/docs/20035/dcrcwe3.pdf","CRCW060315K0FKEA","1469758",""
R156 ,1,"27K","Resistor_SMD:R_0603_1608Metric","https://www.vishay.com/docs/20035/dcrcwe3.pdf","CRCW060327K0FKEA","1652864",""
R157 R161 ,2,"4K7","Resistor_SMD:R_0603_1608Metric","https://www.vishay.com/docs/20035/dcrcwe3.pdf","CRCW06034K70FKEA","1469807",""
R159 ,1,"22K","Resistor_SMD:R_0603_1608Metric","https://www.vishay.com/docs/20035/dcrcwe3.pdf","CRCW060322K0FKEA","1469779",""
R16 R15 R144 R151 R35 R178 R163 R170 ,8,"100K","Resistor_SMD:R_0603_1608Metric","https://www.vishay.com/docs/20035/dcrcwe3.pdf","CRCW0603100KFKEA","1469649",""
R160 R179 ,2,"2K","Resistor_SMD:R_0603_1608Metric","https://www.vishay.com/docs/20035/dcrcwe3.pdf","CRCW06032K00FKEA","1469764",""
R164 ,1,"23K2","Resistor_SMD:R_0603_1608Metric","https://www.vishay.com/docs/20035/dcrcwe3.pdf","CRCW060323K2FKEA","1652861",""
R166 ,1,"16K","Resistor_SMD:R_0603_1608Metric","https://www.vishay.com/docs/20035/dcrcwe3.pdf","CRCW060316K0FKEA","2138433",""
R167 ,1,"11K5","Resistor_SMD:R_0603_1608Metric","https://www.vishay.com/docs/20035/dcrcwe3.pdf","CRCW060311K5FKEA","1469753",""
R17 R18 R49 R68 R86 R90 R87 R96 R93 R100 R101 R103 R117 R118 R120 R136 R133 R139 R150 R158 R176 R162 R169 ,23,"0R","Resistor_SMD:R_0805_2012Metric","https://www.vishay.com/docs/20035/dcrcwe3.pdf","CRCW08050000Z0EA","1469846",""
R171 ,1,"33K","Resistor_SMD:R_0603_1608Metric","https://www.vishay.com/docs/20035/dcrcwe3.pdf","CRCW060333K0FKEA","1469801",""
R174 ,1,"39K","Resistor_SMD:R_0603_1608Metric","https://www.vishay.com/docs/20035/dcrcwe3.pdf","CRCW060339K0FKEA","1469804",""
R180 ,1,"3K3","Resistor_SMD:R_0603_1608Metric","https://www.vishay.com/docs/20035/dcrcwe3.pdf","CRCW06033K30FKEA","1469793",""
R22 R24 R26 R28 R23 R25 R27 R29 R30 R31 R173 ,11,"1K","Resistor_SMD:R_0603_1608Metric","https://www.vishay.com/docs/20035/dcrcwe3.pdf","CRCW06031K00FKEA","1469740",""
R32 R50 R69 ,3,"680","Resistor_SMD:R_0603_1608Metric","https://www.vishay.com/docs/20035/dcrcwe3.pdf","CRCW0603680RFKEA","1469834",""
R33 R51 R70 R147 ,4,"12K","Resistor_SMD:R_0603_1608Metric","https://www.vishay.com/docs/20035/dcrcwe3.pdf","CRCW060312K0FKEA","1652834",""
R38 R57 R75 R107 R124 ,5,"1M","Resistor_SMD:R_0603_1608Metric","https://www.vishay.com/docs/20035/dcrcwe3.pdf","CRCW06031M00FKEA","1469746",""
R41 R42 R43 R44 R60 R61 R62 R63 R78 R79 R80 R81 ,12,"49R9","Resistor_SMD:R_0603_1608Metric","https://www.vishay.com/docs/20035/dcrcwe3.pdf","CRCW060349R9FKEA","1469817",""
R45 R64 R82 ,3,"10R","Resistor_SMD:R_0603_1608Metric","https://www.vishay.com/docs/20035/dcrcwe3.pdf","CRCW060310R0FKEA","1469751",""
R46 R47 R36 R37 R65 R66 R54 R55 R56 R83 R84 R73 R74 R115 R132 ,15,"330","Resistor_SMD:R_0603_1608Metric","https://www.vishay.com/docs/20035/dcrcwe3.pdf","CRCW0603330RFKEA","1469803",""
R48 R67 R85 ,3,"12K4","Resistor_SMD:R_0603_1608Metric","https://www.vishay.com/docs/20035/dcrcwe3.pdf","CRCW060312K4FKEA","1652836",""
R5 R102 R99 R119 R116 ,5,"0R","Resistor_SMD:R_0603_1608Metric","https://www.vishay.com/docs/20035/dcrcwe3.pdf","CRCW06030000Z0EA","1469739",""
R9 R1 R2 R3 R4 R6 R7 R8 R10 R11 R12 R13 R14 R34 R21 R19 R20 R39 R40 R58 R59 R76 R77 R112 R113 R106 R105 R111 R110 R108 R109 R114 R129 R130 R123 R122 R128 R127 R125 R126 R131 R141 R175 ,43,"10K","Resistor_SMD:R_0603_1608Metric","https://www.vishay.com/docs/20035/dcrcwe3.pdf","CRCW060310K0FKEA","1469748",""
SW1 ,1,"SW_Boot_Select","Button_Switch_SMD:SW_Push_1P1T_NO_6x6mm_H9.5mm","http://www.farnell.com/datasheets/2706291.pdf","PTS645SM43SMTR92LFS","2320087",""
SW2 ,1,"SW_RESET","Button_Switch_SMD:SW_Push_1P1T_NO_6x6mm_H9.5mm","http://www.farnell.com/datasheets/2706291.pdf","PTS645SM43SMTR92LFS","2320087",""
Y1 Y2 Y3 ,3,"25MHz","Crystal:Crystal_SMD_Abracon_ABM8G-4Pin_3.2x2.5mm","http://www.farnell.com/datasheets/1853066.pdf","LFXTAL055299","2449505",""
Y4 Y5 ,2,"40MHz","Crystal:Crystal_SMD_Abracon_ABM8G-4Pin_3.2x2.5mm","http://www.farnell.com/datasheets/2792510.pdf","ABM8-40.000MHZ-10-D1G-T","3228516",""
