Reference, Value, Footprint, Datasheet, MPN, ON_FARNELL, ATTRIBUTE
"MOD1","CM3+Lite Connector","1612618-4:1612618-4","http://www.farnell.com/datasheets/1794089.pdf","1612618-4","2396418",""
"C5","47u","Capacitor_SMD:C_0805_2012Metric","http://www.farnell.com/datasheets/2047835.pdf","GRM21BR60J476ME15L","2362109",""
"C6","47u","Capacitor_SMD:C_0805_2012Metric","http://www.farnell.com/datasheets/2047835.pdf","GRM21BR60J476ME15L","2362109",""
"C4","100n","Capacitor_SMD:C_0603_1608Metric","https://api.kemet.com/component-edge/download/specsheet/C0603C104M4RACTU.pdf","C0603C104M4RACTU","2581045","16V"
"C3","100n","Capacitor_SMD:C_0603_1608Metric","https://api.kemet.com/component-edge/download/specsheet/C0603C104M4RACTU.pdf","C0603C104M4RACTU","2581045","16V"
"C2","100n","Capacitor_SMD:C_0603_1608Metric","https://api.kemet.com/component-edge/download/specsheet/C0603C104M4RACTU.pdf","C0603C104M4RACTU","2581045","16V"
"C1","100n","Capacitor_SMD:C_0603_1608Metric","https://api.kemet.com/component-edge/download/specsheet/C0603C104M4RACTU.pdf","C0603C104M4RACTU","2581045","16V"
"C13","47u","Capacitor_SMD:C_0805_2012Metric","http://www.farnell.com/datasheets/2047835.pdf","GRM21BR60J476ME15L","2362109",""
"C14","47u","Capacitor_SMD:C_0805_2012Metric","http://www.farnell.com/datasheets/2047835.pdf","GRM21BR60J476ME15L","2362109",""
"C12","100n","Capacitor_SMD:C_0603_1608Metric","https://api.kemet.com/component-edge/download/specsheet/C0603C104M4RACTU.pdf","C0603C104M4RACTU","2581045","16V"
"C11","100n","Capacitor_SMD:C_0603_1608Metric","https://api.kemet.com/component-edge/download/specsheet/C0603C104M4RACTU.pdf","C0603C104M4RACTU","2581045","16V"
"C10","100n","Capacitor_SMD:C_0603_1608Metric","https://api.kemet.com/component-edge/download/specsheet/C0603C104M4RACTU.pdf","C0603C104M4RACTU","2581045","16V"
"C9","100n","Capacitor_SMD:C_0603_1608Metric","https://api.kemet.com/component-edge/download/specsheet/C0603C104M4RACTU.pdf","C0603C104M4RACTU","2581045","16V"
"C18","100n","Capacitor_SMD:C_0603_1608Metric","https://api.kemet.com/component-edge/download/specsheet/C0603C104M4RACTU.pdf","C0603C104M4RACTU","2581045","16V"
"C17","100n","Capacitor_SMD:C_0603_1608Metric","https://api.kemet.com/component-edge/download/specsheet/C0603C104M4RACTU.pdf","C0603C104M4RACTU","2581045","16V"
"C16","100n","Capacitor_SMD:C_0603_1608Metric","https://api.kemet.com/component-edge/download/specsheet/C0603C104M4RACTU.pdf","C0603C104M4RACTU","2581045","16V"
"C15","100n","Capacitor_SMD:C_0603_1608Metric","https://api.kemet.com/component-edge/download/specsheet/C0603C104M4RACTU.pdf","C0603C104M4RACTU","2581045","16V"
"C23","47u","Capacitor_SMD:C_0805_2012Metric","http://www.farnell.com/datasheets/2047835.pdf","GRM21BR60J476ME15L","2362109",""
"C22","100n","Capacitor_SMD:C_0603_1608Metric","https://api.kemet.com/component-edge/download/specsheet/C0603C104M4RACTU.pdf","C0603C104M4RACTU","2581045","16V"
"C21","100n","Capacitor_SMD:C_0603_1608Metric","https://api.kemet.com/component-edge/download/specsheet/C0603C104M4RACTU.pdf","C0603C104M4RACTU","2581045","16V"
"C20","100n","Capacitor_SMD:C_0603_1608Metric","https://api.kemet.com/component-edge/download/specsheet/C0603C104M4RACTU.pdf","C0603C104M4RACTU","2581045","16V"
"C19","100n","Capacitor_SMD:C_0603_1608Metric","https://api.kemet.com/component-edge/download/specsheet/C0603C104M4RACTU.pdf","C0603C104M4RACTU","2581045","16V"
"C24","100n","Capacitor_SMD:C_0603_1608Metric","https://api.kemet.com/component-edge/download/specsheet/C0603C104M4RACTU.pdf","C0603C104M4RACTU","2581045","16V"
"C25","100n","Capacitor_SMD:C_0603_1608Metric","https://api.kemet.com/component-edge/download/specsheet/C0603C104M4RACTU.pdf","C0603C104M4RACTU","2581045","16V"
"C26","100n","Capacitor_SMD:C_0603_1608Metric","https://api.kemet.com/component-edge/download/specsheet/C0603C104M4RACTU.pdf","C0603C104M4RACTU","2581045","16V"
"C27","10u","Capacitor_SMD:C_0805_2012Metric","https://api.kemet.com/component-edge/download/specsheet/C0805C106K8RACTU.pdf","C0805C106K8RACTU","2118132",""
"R5","0R","Resistor_SMD:R_0603_1608Metric","https://www.vishay.com/docs/20035/dcrcwe3.pdf","CRCW06030000Z0EA","1469739",""
"R9","10K","Resistor_SMD:R_0603_1608Metric","https://www.vishay.com/docs/20035/dcrcwe3.pdf","CRCW060310K0FKEA","1469748",""
"R1","10K","Resistor_SMD:R_0603_1608Metric","https://www.vishay.com/docs/20035/dcrcwe3.pdf","CRCW060310K0FKEA","1469748",""
"R2","10K","Resistor_SMD:R_0603_1608Metric","https://www.vishay.com/docs/20035/dcrcwe3.pdf","CRCW060310K0FKEA","1469748",""
"R3","10K","Resistor_SMD:R_0603_1608Metric","https://www.vishay.com/docs/20035/dcrcwe3.pdf","CRCW060310K0FKEA","1469748",""
"R4","10K","Resistor_SMD:R_0603_1608Metric","https://www.vishay.com/docs/20035/dcrcwe3.pdf","CRCW060310K0FKEA","1469748",""
"R6","10K","Resistor_SMD:R_0603_1608Metric","https://www.vishay.com/docs/20035/dcrcwe3.pdf","CRCW060310K0FKEA","1469748",""
"R7","10K","Resistor_SMD:R_0603_1608Metric","https://www.vishay.com/docs/20035/dcrcwe3.pdf","CRCW060310K0FKEA","1469748",""
"R8","10K","Resistor_SMD:R_0603_1608Metric","https://www.vishay.com/docs/20035/dcrcwe3.pdf","CRCW060310K0FKEA","1469748",""
"J1","Conn_RPi","Connector_PinHeader_2.54mm:PinHeader_2x20_P2.54mm_Vertical","https://www.molex.com/webdocs/datasheets/pdf/en-us/0010897402_PCB_HEADERS.pdf","10-89-7402","2396214",""
"C8","100n","Capacitor_SMD:C_0603_1608Metric","https://api.kemet.com/component-edge/download/specsheet/C0603C104M4RACTU.pdf","C0603C104M4RACTU","2581045","16V"
"C7","100n","Capacitor_SMD:C_0603_1608Metric","https://api.kemet.com/component-edge/download/specsheet/C0603C104M4RACTU.pdf","C0603C104M4RACTU","2581045","16V"
"J2","Conn_Micro_SD_Card","693071010811:693071010811","http://katalog.we-online.de/datasheet/693071010811.pdf","693071010811","2081363",""
"C28","100n","Capacitor_SMD:C_0603_1608Metric","https://api.kemet.com/component-edge/download/specsheet/C0603C104M4RACTU.pdf","C0603C104M4RACTU","2581045","16V"
"R10","10K","Resistor_SMD:R_0603_1608Metric","https://www.vishay.com/docs/20035/dcrcwe3.pdf","CRCW060310K0FKEA","1469748",""
"R11","10K","Resistor_SMD:R_0603_1608Metric","https://www.vishay.com/docs/20035/dcrcwe3.pdf","CRCW060310K0FKEA","1469748",""
"R12","10K","Resistor_SMD:R_0603_1608Metric","https://www.vishay.com/docs/20035/dcrcwe3.pdf","CRCW060310K0FKEA","1469748",""
"R13","10K","Resistor_SMD:R_0603_1608Metric","https://www.vishay.com/docs/20035/dcrcwe3.pdf","CRCW060310K0FKEA","1469748",""
"R14","10K","Resistor_SMD:R_0603_1608Metric","https://www.vishay.com/docs/20035/dcrcwe3.pdf","CRCW060310K0FKEA","1469748",""
"R17","0R","Resistor_SMD:R_0805_2012Metric","https://www.vishay.com/docs/20035/dcrcwe3.pdf","CRCW08050000Z0EA","1469846",""
"C29","100n","Capacitor_SMD:C_0805_2012Metric","https://api.kemet.com/component-edge/download/specsheet/C0805C104K5RACTU.pdf","C0805C104K5RACTU","1414664",""
"Q2","DMG1012T","SOT-532:SOT-532","http://www.farnell.com/datasheets/2040092.pdf","DMG1012T-7","2543524",""
"R16","100K","Resistor_SMD:R_0603_1608Metric","https://www.vishay.com/docs/20035/dcrcwe3.pdf","CRCW0603100KFKEA","1469649",""
"Q1","DMG1012T","SOT-532:SOT-532","http://www.farnell.com/datasheets/2040092.pdf","DMG1012T-7","2543524",""
"FB1","2.0A","Inductor_SMD:L_0603_1608Metric_Pad1.05x0.95mm_HandSolder","http://www.farnell.com/datasheets/1740433.pdf","BLM18PG121SN1D","1515738",""
"F1","500mA","Fuse:Fuse_1206_3216Metric","http://www.littelfuse.com/data/en/Data_Sheets/Littelfuse_PTC_1206L.pdf","1206L050YR","1596993",""
"IC1","ESD8040","ESD8040:ESD8040","http://www.farnell.com/datasheets/2355017.pdf","ESD8040MUTAG","2533264",""
"J3","Conn_HDMI_A","47151-1051:47151-1051","http://www.farnell.com/datasheets/2696868.pdf","47151-1051 ","2614936",""
"R15","100K","Resistor_SMD:R_0603_1608Metric","https://www.vishay.com/docs/20035/dcrcwe3.pdf","CRCW0603100KFKEA","1469649",""
"C30","100n","Capacitor_SMD:C_0603_1608Metric","https://api.kemet.com/component-edge/download/specsheet/C0603C104M4RACTU.pdf","C0603C104M4RACTU","2581045","16V"
"J4","Conn_DISPLAY","1-1734248-5:1-1734248-5","http://www.farnell.com/datasheets/1838449.pdf","1-1734248-5","2890893",""
"IC2","CP2102-GM","Package_DFN_QFN:QFN-28-1EP_5x5mm_P0.5mm_EP3.35x3.35mm","http://www.farnell.com/datasheets/2167291.pdf","CP2102-GM","9282130",""
"J5","Conn_USB_B_Micro","Connector_USB:USB_Micro-B_Molex-105017-0001","http://www.farnell.com/datasheets/2693980.pdf","105017-0001","2293836",""
"C33","1u","Capacitor_SMD:C_0805_2012Metric","https://api.kemet.com/component-edge/download/specsheet/C0805C105K3PACTU.pdf","C0805C105K3PACTU","1463389",""
"C32","100n","Capacitor_SMD:C_0603_1608Metric","https://api.kemet.com/component-edge/download/specsheet/C0603C104M4RACTU.pdf","C0603C104M4RACTU","2581045","16V"
"C31","100n","Capacitor_SMD:C_0603_1608Metric","https://api.kemet.com/component-edge/download/specsheet/C0603C104M4RACTU.pdf","C0603C104M4RACTU","2581045","16V"
"FB2","2.0A","Inductor_SMD:L_0603_1608Metric_Pad1.05x0.95mm_HandSolder","http://www.farnell.com/datasheets/1740433.pdf","BLM18PG121SN1D","1515738",""
"D2","PESD5V0L1BA","Diode_SMD:D_SOD-323_HandSoldering","http://www.farnell.com/datasheets/682594.pdf","PESD5V0L1BA,115","8737606",""
"D1","ECMF02-2AMX6","Package_DFN_QFN:ST_UQFN-6L_1.5x1.7mm_Pitch0.5mm","https://www.st.com/resource/en/datasheet/ecmf02-2amx6.pdf","ECMF02-2AMX6","2629720",""
"F2","500mA","Fuse:Fuse_1206_3216Metric","http://www.littelfuse.com/data/en/Data_Sheets/Littelfuse_PTC_1206L.pdf","1206L050YR","1596993",""
"R18","0R","Resistor_SMD:R_0805_2012Metric","https://www.vishay.com/docs/20035/dcrcwe3.pdf","CRCW08050000Z0EA","1469846",""
"C34","100n","Capacitor_SMD:C_0805_2012Metric","https://api.kemet.com/component-edge/download/specsheet/C0805C104K5RACTU.pdf","C0805C104K5RACTU","1414664",""
"R34","10K","Resistor_SMD:R_0603_1608Metric","https://www.vishay.com/docs/20035/dcrcwe3.pdf","CRCW060310K0FKEA","1469748",""
"IC3","ATMEGA328P-AU","Package_QFP:TQFP-32_7x7mm_P0.8mm","http://ww1.microchip.com/downloads/en/DeviceDoc/ATmega48A-PA-88A-PA-168A-PA-328-P-DS-DS40002061A.pdf","ATMEGA328P-AU","1715486",""
"C37","100n","Capacitor_SMD:C_0603_1608Metric","https://api.kemet.com/component-edge/download/specsheet/C0603C104M4RACTU.pdf","C0603C104M4RACTU","2581045","16V"
"C36","100n","Capacitor_SMD:C_0603_1608Metric","https://api.kemet.com/component-edge/download/specsheet/C0603C104M4RACTU.pdf","C0603C104M4RACTU","2581045","16V"
"C38","100n","Capacitor_SMD:C_0603_1608Metric","https://api.kemet.com/component-edge/download/specsheet/C0603C104M4RACTU.pdf","C0603C104M4RACTU","2581045","16V"
"FB3","2.0A","Inductor_SMD:L_0603_1608Metric_Pad1.05x0.95mm_HandSolder","http://www.farnell.com/datasheets/1740433.pdf","BLM18PG121SN1D","1515738",""
"J7","Conn_01x03_Male","Connector_PinHeader_2.54mm:PinHeader_1x03_P2.54mm_Vertical","http://www.farnell.com/datasheets/32535.pdf","826629-3","3418297",""
"C39","1u","Capacitor_SMD:C_0805_2012Metric","https://api.kemet.com/component-edge/download/specsheet/C0805C105K3PACTU.pdf","C0805C105K3PACTU","1463389",""
"R21","10K","Resistor_SMD:R_0603_1608Metric","https://www.vishay.com/docs/20035/dcrcwe3.pdf","CRCW060310K0FKEA","1469748",""
"J6","Conn_AVR_ISP_6P","Connector_PinHeader_2.54mm:PinHeader_2x03_P2.54mm_Vertical","http://www.farnell.com/datasheets/38081.pdf","826942-3","1248159",""
"C35","100n","Capacitor_SMD:C_0603_1608Metric","https://api.kemet.com/component-edge/download/specsheet/C0603C104M4RACTU.pdf","C0603C104M4RACTU","2581045","16V"
"D3","LED","LED_SMD:LED_0805_2012Metric_Pad1.15x1.40mm_HandSolder","http://www.farnell.com/datasheets/1854080.pdf","KP-2012LSGC","2463991",""
"D5","LED","LED_SMD:LED_0805_2012Metric_Pad1.15x1.40mm_HandSolder","http://www.farnell.com/datasheets/1854080.pdf","KP-2012LSGC","2463991",""
"D7","LED","LED_SMD:LED_0805_2012Metric_Pad1.15x1.40mm_HandSolder","http://www.farnell.com/datasheets/1854080.pdf","KP-2012LSGC","2463991",""
"D9","LED","LED_SMD:LED_0805_2012Metric_Pad1.15x1.40mm_HandSolder","http://www.farnell.com/datasheets/1854080.pdf","KP-2012LSGC","2463991",""
"R22","1K","Resistor_SMD:R_0603_1608Metric","https://www.vishay.com/docs/20035/dcrcwe3.pdf","CRCW06031K00FKEA","1469740",""
"R24","1K","Resistor_SMD:R_0603_1608Metric","https://www.vishay.com/docs/20035/dcrcwe3.pdf","CRCW06031K00FKEA","1469740",""
"R26","1K","Resistor_SMD:R_0603_1608Metric","https://www.vishay.com/docs/20035/dcrcwe3.pdf","CRCW06031K00FKEA","1469740",""
"R28","1K","Resistor_SMD:R_0603_1608Metric","https://www.vishay.com/docs/20035/dcrcwe3.pdf","CRCW06031K00FKEA","1469740",""
"D4","LED","LED_SMD:LED_0805_2012Metric_Pad1.15x1.40mm_HandSolder","http://www.farnell.com/datasheets/1854080.pdf","KP-2012LSGC","2463991",""
"R23","1K","Resistor_SMD:R_0603_1608Metric","https://www.vishay.com/docs/20035/dcrcwe3.pdf","CRCW06031K00FKEA","1469740",""
"D6","LED","LED_SMD:LED_0805_2012Metric_Pad1.15x1.40mm_HandSolder","http://www.farnell.com/datasheets/1854080.pdf","KP-2012LSGC","2463991",""
"R25","1K","Resistor_SMD:R_0603_1608Metric","https://www.vishay.com/docs/20035/dcrcwe3.pdf","CRCW06031K00FKEA","1469740",""
"D8","LED","LED_SMD:LED_0805_2012Metric_Pad1.15x1.40mm_HandSolder","http://www.farnell.com/datasheets/1854080.pdf","KP-2012LSGC","2463991",""
"R27","1K","Resistor_SMD:R_0603_1608Metric","https://www.vishay.com/docs/20035/dcrcwe3.pdf","CRCW06031K00FKEA","1469740",""
"D10","LED","LED_SMD:LED_0805_2012Metric_Pad1.15x1.40mm_HandSolder","http://www.farnell.com/datasheets/1854080.pdf","KP-2012LSGC","2463991",""
"R29","1K","Resistor_SMD:R_0603_1608Metric","https://www.vishay.com/docs/20035/dcrcwe3.pdf","CRCW06031K00FKEA","1469740",""
"D11","LED","LED_SMD:LED_0805_2012Metric_Pad1.15x1.40mm_HandSolder","http://www.farnell.com/datasheets/1854080.pdf","KP-2012LSGC","2463991",""
"R30","1K","Resistor_SMD:R_0603_1608Metric","https://www.vishay.com/docs/20035/dcrcwe3.pdf","CRCW06031K00FKEA","1469740",""
"D12","LED","LED_SMD:LED_0805_2012Metric_Pad1.15x1.40mm_HandSolder","http://www.farnell.com/datasheets/1854080.pdf","KP-2012LSGC","2463991",""
"R31","1K","Resistor_SMD:R_0603_1608Metric","https://www.vishay.com/docs/20035/dcrcwe3.pdf","CRCW06031K00FKEA","1469740",""
"C40","1u","Capacitor_SMD:C_0805_2012Metric","https://api.kemet.com/component-edge/download/specsheet/C0805C105K3PACTU.pdf","C0805C105K3PACTU","1463389",""
"C41","1u","Capacitor_SMD:C_0805_2012Metric","https://api.kemet.com/component-edge/download/specsheet/C0805C105K3PACTU.pdf","C0805C105K3PACTU","1463389",""
"C42","1u","Capacitor_SMD:C_0805_2012Metric","https://api.kemet.com/component-edge/download/specsheet/C0805C105K3PACTU.pdf","C0805C105K3PACTU","1463389",""
"C43","1u","Capacitor_SMD:C_0805_2012Metric","https://api.kemet.com/component-edge/download/specsheet/C0805C105K3PACTU.pdf","C0805C105K3PACTU","1463389",""
"C44","1u","Capacitor_SMD:C_0805_2012Metric","https://api.kemet.com/component-edge/download/specsheet/C0805C105K3PACTU.pdf","C0805C105K3PACTU","1463389",""
"C45","1u","Capacitor_SMD:C_0805_2012Metric","https://api.kemet.com/component-edge/download/specsheet/C0805C105K3PACTU.pdf","C0805C105K3PACTU","1463389",""
"SW2","SW_RESET","Button_Switch_SMD:SW_Push_1P1T_NO_6x6mm_H9.5mm","http://www.farnell.com/datasheets/2706291.pdf","PTS645SM43SMTR92LFS","2320087",""
"SW1","SW_Boot_Select","Button_Switch_SMD:SW_Push_1P1T_NO_6x6mm_H9.5mm","http://www.farnell.com/datasheets/2706291.pdf","PTS645SM43SMTR92LFS","2320087",""
"R19","10K","Resistor_SMD:R_0603_1608Metric","https://www.vishay.com/docs/20035/dcrcwe3.pdf","CRCW060310K0FKEA","1469748",""
"R20","10K","Resistor_SMD:R_0603_1608Metric","https://www.vishay.com/docs/20035/dcrcwe3.pdf","CRCW060310K0FKEA","1469748",""
"J8","Conn_RJ45_MAG","RJMG163118101NR:RJMG163118101NR","http://www.farnell.com/cad/2577820.pdf","RJMG163118101NR","1357436",""
"IC4","LAN9514-JZX-TR","LAN9514-JZX-TR:QFN-64-1EP_9x9mm_P0.5mm_EP7.15x7.15mm_ThermalVias","http://ww1.microchip.com/downloads/en/devicedoc/00002306a.pdf","LAN9514-JZX-TR","3131908",""
"C69","100n","Capacitor_SMD:C_0603_1608Metric","https://api.kemet.com/component-edge/download/specsheet/C0603C104M4RACTU.pdf","C0603C104M4RACTU","2581045","16V"
"C68","100n","Capacitor_SMD:C_0603_1608Metric","https://api.kemet.com/component-edge/download/specsheet/C0603C104M4RACTU.pdf","C0603C104M4RACTU","2581045","16V"
"C66","100n","Capacitor_SMD:C_0603_1608Metric","https://api.kemet.com/component-edge/download/specsheet/C0603C104M4RACTU.pdf","C0603C104M4RACTU","2581045","16V"
"C65","100n","Capacitor_SMD:C_0603_1608Metric","https://api.kemet.com/component-edge/download/specsheet/C0603C104M4RACTU.pdf","C0603C104M4RACTU","2581045","16V"
"C64","100n","Capacitor_SMD:C_0603_1608Metric","https://api.kemet.com/component-edge/download/specsheet/C0603C104M4RACTU.pdf","C0603C104M4RACTU","2581045","16V"
"C63","100n","Capacitor_SMD:C_0603_1608Metric","https://api.kemet.com/component-edge/download/specsheet/C0603C104M4RACTU.pdf","C0603C104M4RACTU","2581045","16V"
"C59","100n","Capacitor_SMD:C_0603_1608Metric","https://api.kemet.com/component-edge/download/specsheet/C0603C104M4RACTU.pdf","C0603C104M4RACTU","2581045","16V"
"C58","100n","Capacitor_SMD:C_0603_1608Metric","https://api.kemet.com/component-edge/download/specsheet/C0603C104M4RACTU.pdf","C0603C104M4RACTU","2581045","16V"
"C57","100n","Capacitor_SMD:C_0603_1608Metric","https://api.kemet.com/component-edge/download/specsheet/C0603C104M4RACTU.pdf","C0603C104M4RACTU","2581045","16V"
"C56","100n","Capacitor_SMD:C_0603_1608Metric","https://api.kemet.com/component-edge/download/specsheet/C0603C104M4RACTU.pdf","C0603C104M4RACTU","2581045","16V"
"C55","100n","Capacitor_SMD:C_0603_1608Metric","https://api.kemet.com/component-edge/download/specsheet/C0603C104M4RACTU.pdf","C0603C104M4RACTU","2581045","16V"
"C52","100n","Capacitor_SMD:C_0603_1608Metric","https://api.kemet.com/component-edge/download/specsheet/C0603C104M4RACTU.pdf","C0603C104M4RACTU","2581045","16V"
"C51","1u","Capacitor_SMD:C_0805_2012Metric","https://api.kemet.com/component-edge/download/specsheet/C0805C105K3PACTU.pdf","C0805C105K3PACTU","1463389",""
"FB4","2.0A","Inductor_SMD:L_0603_1608Metric_Pad1.05x0.95mm_HandSolder","http://www.farnell.com/datasheets/1740433.pdf","BLM18PG121SN1D","1515738",""
"FB5","2.0A","Inductor_SMD:L_0603_1608Metric_Pad1.05x0.95mm_HandSolder","http://www.farnell.com/datasheets/1740433.pdf","BLM18PG121SN1D","1515738",""
"R39","10K","Resistor_SMD:R_0603_1608Metric","https://www.vishay.com/docs/20035/dcrcwe3.pdf","CRCW060310K0FKEA","1469748",""
"C53","100n","Capacitor_SMD:C_0603_1608Metric","https://api.kemet.com/component-edge/download/specsheet/C0603C104M4RACTU.pdf","C0603C104M4RACTU","2581045","16V"
"R40","10K","Resistor_SMD:R_0603_1608Metric","https://www.vishay.com/docs/20035/dcrcwe3.pdf","CRCW060310K0FKEA","1469748",""
"C48","100n","Capacitor_SMD:C_0603_1608Metric","https://api.kemet.com/component-edge/download/specsheet/C0603C104M4RACTU.pdf","C0603C104M4RACTU","2581045","16V"
"C47","100n","Capacitor_SMD:C_0603_1608Metric","https://api.kemet.com/component-edge/download/specsheet/C0603C104M4RACTU.pdf","C0603C104M4RACTU","2581045","16V"
"C46","4u7","Capacitor_SMD:C_0805_2012Metric","http://www.farnell.com/datasheets/2079186.pdf","GRM21BR61H475KE51L","2611942","50V"
"R46","330","Resistor_SMD:R_0603_1608Metric","https://www.vishay.com/docs/20035/dcrcwe3.pdf","CRCW0603330RFKEA","1469803",""
"R47","330","Resistor_SMD:R_0603_1608Metric","https://www.vishay.com/docs/20035/dcrcwe3.pdf","CRCW0603330RFKEA","1469803",""
"Y1","25MHz","Crystal:Crystal_SMD_Abracon_ABM8G-4Pin_3.2x2.5mm","http://www.farnell.com/datasheets/1853066.pdf","LFXTAL055299","2449505",""
"R38","1M","Resistor_SMD:R_0603_1608Metric","https://www.vishay.com/docs/20035/dcrcwe3.pdf","CRCW06031M00FKEA","1469746",""
"C49","15p","Capacitor_SMD:C_0603_1608Metric","https://api.kemet.com/component-edge/download/specsheet/C0603C475K8PACTU.pdf","C0603C150J5GACTU","1414614",""
"C50","15p","Capacitor_SMD:C_0603_1608Metric","https://api.kemet.com/component-edge/download/specsheet/C0603C475K8PACTU.pdf","C0603C150J5GACTU","1414614",""
"R33","12K","Resistor_SMD:R_0603_1608Metric","https://www.vishay.com/docs/20035/dcrcwe3.pdf","CRCW060312K0FKEA","1652834",""
"R32","680","Resistor_SMD:R_0603_1608Metric","https://www.vishay.com/docs/20035/dcrcwe3.pdf","CRCW0603680RFKEA","1469834",""
"IC5","93LC66A-I_SN","Package_SO:SOIC-8_3.9x4.9mm_P1.27mm","https://www.mouser.ch/datasheet/2/268/21795b-75092.pdf","93LC66A-I_SN","2851654",""
"C61","100n","Capacitor_SMD:C_0603_1608Metric","https://api.kemet.com/component-edge/download/specsheet/C0603C104M4RACTU.pdf","C0603C104M4RACTU","2581045","16V"
"R41","49R9","Resistor_SMD:R_0603_1608Metric","https://www.vishay.com/docs/20035/dcrcwe3.pdf","CRCW060349R9FKEA","1469817",""
"R42","49R9","Resistor_SMD:R_0603_1608Metric","https://www.vishay.com/docs/20035/dcrcwe3.pdf","CRCW060349R9FKEA","1469817",""
"R43","49R9","Resistor_SMD:R_0603_1608Metric","https://www.vishay.com/docs/20035/dcrcwe3.pdf","CRCW060349R9FKEA","1469817",""
"R44","49R9","Resistor_SMD:R_0603_1608Metric","https://www.vishay.com/docs/20035/dcrcwe3.pdf","CRCW060349R9FKEA","1469817",""
"R45","10R","Resistor_SMD:R_0603_1608Metric","https://www.vishay.com/docs/20035/dcrcwe3.pdf","CRCW060310R0FKEA","1469751",""
"C60","22n","Capacitor_SMD:C_0603_1608Metric","https://api.kemet.com/component-edge/download/specsheet/C0603C475K8PACTU.pdf","C0603C223K1RACTU","1865548",""
"R49","0R","Resistor_SMD:R_0805_2012Metric","https://www.vishay.com/docs/20035/dcrcwe3.pdf","CRCW08050000Z0EA","1469846",""
"C62","100n","Capacitor_SMD:C_0805_2012Metric","https://api.kemet.com/component-edge/download/specsheet/C0805C104K5RACTU.pdf","C0805C104K5RACTU","1414664",""
"R36","330","Resistor_SMD:R_0603_1608Metric","https://www.vishay.com/docs/20035/dcrcwe3.pdf","CRCW0603330RFKEA","1469803",""
"R37","330","Resistor_SMD:R_0603_1608Metric","https://www.vishay.com/docs/20035/dcrcwe3.pdf","CRCW0603330RFKEA","1469803",""
"R48","12K4","Resistor_SMD:R_0603_1608Metric","https://www.vishay.com/docs/20035/dcrcwe3.pdf","CRCW060312K4FKEA","1652836",""
"C54","22u","Capacitor_SMD:C_0805_2012Metric","https://api.kemet.com/component-edge/download/specsheet/C0805C226M9PACTU.pdf","C0805C226M9PACTU","1108326",""
"C67","100n","Capacitor_SMD:C_0603_1608Metric","https://api.kemet.com/component-edge/download/specsheet/C0603C104M4RACTU.pdf","C0603C104M4RACTU","2581045","16V"
"C250","15p","Capacitor_SMD:C_0603_1608Metric","https://api.kemet.com/component-edge/download/specsheet/C0603C475K8PACTU.pdf","C0603C150J5GACTU","1414614",""
"C253","15p","Capacitor_SMD:C_0603_1608Metric","https://api.kemet.com/component-edge/download/specsheet/C0603C475K8PACTU.pdf","C0603C150J5GACTU","1414614",""
"C251","15p","Capacitor_SMD:C_0603_1608Metric","https://api.kemet.com/component-edge/download/specsheet/C0603C475K8PACTU.pdf","C0603C150J5GACTU","1414614",""
"C252","15p","Capacitor_SMD:C_0603_1608Metric","https://api.kemet.com/component-edge/download/specsheet/C0603C475K8PACTU.pdf","C0603C150J5GACTU","1414614",""
"J9","Conn_RJ45_MAG","RJMG163118101NR:RJMG163118101NR","http://www.farnell.com/cad/2577820.pdf","RJMG163118101NR","1357436",""
"IC6","LAN9514-JZX-TR","LAN9514-JZX-TR:QFN-64-1EP_9x9mm_P0.5mm_EP7.15x7.15mm_ThermalVias","http://ww1.microchip.com/downloads/en/devicedoc/00002306a.pdf","LAN9514-JZX-TR","3131908",""
"C93","100n","Capacitor_SMD:C_0603_1608Metric","https://api.kemet.com/component-edge/download/specsheet/C0603C104M4RACTU.pdf","C0603C104M4RACTU","2581045","16V"
"C92","100n","Capacitor_SMD:C_0603_1608Metric","https://api.kemet.com/component-edge/download/specsheet/C0603C104M4RACTU.pdf","C0603C104M4RACTU","2581045","16V"
"C91","100n","Capacitor_SMD:C_0603_1608Metric","https://api.kemet.com/component-edge/download/specsheet/C0603C104M4RACTU.pdf","C0603C104M4RACTU","2581045","16V"
"C90","100n","Capacitor_SMD:C_0603_1608Metric","https://api.kemet.com/component-edge/download/specsheet/C0603C104M4RACTU.pdf","C0603C104M4RACTU","2581045","16V"
"C89","100n","Capacitor_SMD:C_0603_1608Metric","https://api.kemet.com/component-edge/download/specsheet/C0603C104M4RACTU.pdf","C0603C104M4RACTU","2581045","16V"
"C88","100n","Capacitor_SMD:C_0603_1608Metric","https://api.kemet.com/component-edge/download/specsheet/C0603C104M4RACTU.pdf","C0603C104M4RACTU","2581045","16V"
"C87","100n","Capacitor_SMD:C_0603_1608Metric","https://api.kemet.com/component-edge/download/specsheet/C0603C104M4RACTU.pdf","C0603C104M4RACTU","2581045","16V"
"C83","100n","Capacitor_SMD:C_0603_1608Metric","https://api.kemet.com/component-edge/download/specsheet/C0603C104M4RACTU.pdf","C0603C104M4RACTU","2581045","16V"
"C82","100n","Capacitor_SMD:C_0603_1608Metric","https://api.kemet.com/component-edge/download/specsheet/C0603C104M4RACTU.pdf","C0603C104M4RACTU","2581045","16V"
"C81","100n","Capacitor_SMD:C_0603_1608Metric","https://api.kemet.com/component-edge/download/specsheet/C0603C104M4RACTU.pdf","C0603C104M4RACTU","2581045","16V"
"C80","100n","Capacitor_SMD:C_0603_1608Metric","https://api.kemet.com/component-edge/download/specsheet/C0603C104M4RACTU.pdf","C0603C104M4RACTU","2581045","16V"
"C79","100n","Capacitor_SMD:C_0603_1608Metric","https://api.kemet.com/component-edge/download/specsheet/C0603C104M4RACTU.pdf","C0603C104M4RACTU","2581045","16V"
"C76","100n","Capacitor_SMD:C_0603_1608Metric","https://api.kemet.com/component-edge/download/specsheet/C0603C104M4RACTU.pdf","C0603C104M4RACTU","2581045","16V"
"C75","1u","Capacitor_SMD:C_0805_2012Metric","https://api.kemet.com/component-edge/download/specsheet/C0805C105K3PACTU.pdf","C0805C105K3PACTU","1463389",""
"FB6","2.0A","Inductor_SMD:L_0603_1608Metric_Pad1.05x0.95mm_HandSolder","http://www.farnell.com/datasheets/1740433.pdf","BLM18PG121SN1D","1515738",""
"FB7","2.0A","Inductor_SMD:L_0603_1608Metric_Pad1.05x0.95mm_HandSolder","http://www.farnell.com/datasheets/1740433.pdf","BLM18PG121SN1D","1515738",""
"R58","10K","Resistor_SMD:R_0603_1608Metric","https://www.vishay.com/docs/20035/dcrcwe3.pdf","CRCW060310K0FKEA","1469748",""
"C77","100n","Capacitor_SMD:C_0603_1608Metric","https://api.kemet.com/component-edge/download/specsheet/C0603C104M4RACTU.pdf","C0603C104M4RACTU","2581045","16V"
"R59","10K","Resistor_SMD:R_0603_1608Metric","https://www.vishay.com/docs/20035/dcrcwe3.pdf","CRCW060310K0FKEA","1469748",""
"C72","100n","Capacitor_SMD:C_0603_1608Metric","https://api.kemet.com/component-edge/download/specsheet/C0603C104M4RACTU.pdf","C0603C104M4RACTU","2581045","16V"
"C71","100n","Capacitor_SMD:C_0603_1608Metric","https://api.kemet.com/component-edge/download/specsheet/C0603C104M4RACTU.pdf","C0603C104M4RACTU","2581045","16V"
"C70","4u7","Capacitor_SMD:C_0805_2012Metric","http://www.farnell.com/datasheets/2079186.pdf","GRM21BR61H475KE51L","2611942","50V"
"R65","330","Resistor_SMD:R_0603_1608Metric","https://www.vishay.com/docs/20035/dcrcwe3.pdf","CRCW0603330RFKEA","1469803",""
"R66","330","Resistor_SMD:R_0603_1608Metric","https://www.vishay.com/docs/20035/dcrcwe3.pdf","CRCW0603330RFKEA","1469803",""
"Y2","25MHz","Crystal:Crystal_SMD_Abracon_ABM8G-4Pin_3.2x2.5mm","http://www.farnell.com/datasheets/1853066.pdf","LFXTAL055299","2449505",""
"R57","1M","Resistor_SMD:R_0603_1608Metric","https://www.vishay.com/docs/20035/dcrcwe3.pdf","CRCW06031M00FKEA","1469746",""
"C73","15p","Capacitor_SMD:C_0603_1608Metric","https://api.kemet.com/component-edge/download/specsheet/C0603C475K8PACTU.pdf","C0603C150J5GACTU","1414614",""
"C74","15p","Capacitor_SMD:C_0603_1608Metric","https://api.kemet.com/component-edge/download/specsheet/C0603C475K8PACTU.pdf","C0603C150J5GACTU","1414614",""
"R51","12K","Resistor_SMD:R_0603_1608Metric","https://www.vishay.com/docs/20035/dcrcwe3.pdf","CRCW060312K0FKEA","1652834",""
"R50","680","Resistor_SMD:R_0603_1608Metric","https://www.vishay.com/docs/20035/dcrcwe3.pdf","CRCW0603680RFKEA","1469834",""
"IC7","93LC66A-I_SN","Package_SO:SOIC-8_3.9x4.9mm_P1.27mm","https://www.mouser.ch/datasheet/2/268/21795b-75092.pdf","93LC66A-I_SN","2851654",""
"C85","100n","Capacitor_SMD:C_0603_1608Metric","https://api.kemet.com/component-edge/download/specsheet/C0603C104M4RACTU.pdf","C0603C104M4RACTU","2581045","16V"
"R60","49R9","Resistor_SMD:R_0603_1608Metric","https://www.vishay.com/docs/20035/dcrcwe3.pdf","CRCW060349R9FKEA","1469817",""
"R61","49R9","Resistor_SMD:R_0603_1608Metric","https://www.vishay.com/docs/20035/dcrcwe3.pdf","CRCW060349R9FKEA","1469817",""
"R62","49R9","Resistor_SMD:R_0603_1608Metric","https://www.vishay.com/docs/20035/dcrcwe3.pdf","CRCW060349R9FKEA","1469817",""
"R63","49R9","Resistor_SMD:R_0603_1608Metric","https://www.vishay.com/docs/20035/dcrcwe3.pdf","CRCW060349R9FKEA","1469817",""
"R64","10R","Resistor_SMD:R_0603_1608Metric","https://www.vishay.com/docs/20035/dcrcwe3.pdf","CRCW060310R0FKEA","1469751",""
"C84","22n","Capacitor_SMD:C_0603_1608Metric","https://api.kemet.com/component-edge/download/specsheet/C0603C475K8PACTU.pdf","C0603C223K1RACTU","1865548",""
"R68","0R","Resistor_SMD:R_0805_2012Metric","https://www.vishay.com/docs/20035/dcrcwe3.pdf","CRCW08050000Z0EA","1469846",""
"C86","100n","Capacitor_SMD:C_0805_2012Metric","https://api.kemet.com/component-edge/download/specsheet/C0805C104K5RACTU.pdf","C0805C104K5RACTU","1414664",""
"R54","330","Resistor_SMD:R_0603_1608Metric","https://www.vishay.com/docs/20035/dcrcwe3.pdf","CRCW0603330RFKEA","1469803",""
"R55","330","Resistor_SMD:R_0603_1608Metric","https://www.vishay.com/docs/20035/dcrcwe3.pdf","CRCW0603330RFKEA","1469803",""
"R56","330","Resistor_SMD:R_0603_1608Metric","https://www.vishay.com/docs/20035/dcrcwe3.pdf","CRCW0603330RFKEA","1469803",""
"R67","12K4","Resistor_SMD:R_0603_1608Metric","https://www.vishay.com/docs/20035/dcrcwe3.pdf","CRCW060312K4FKEA","1652836",""
"C78","22u","Capacitor_SMD:C_0805_2012Metric","https://api.kemet.com/component-edge/download/specsheet/C0805C226M9PACTU.pdf","C0805C226M9PACTU","1108326",""
"C254","15p","Capacitor_SMD:C_0603_1608Metric","https://api.kemet.com/component-edge/download/specsheet/C0603C475K8PACTU.pdf","C0603C150J5GACTU","1414614",""
"C257","15p","Capacitor_SMD:C_0603_1608Metric","https://api.kemet.com/component-edge/download/specsheet/C0603C475K8PACTU.pdf","C0603C150J5GACTU","1414614",""
"C255","15p","Capacitor_SMD:C_0603_1608Metric","https://api.kemet.com/component-edge/download/specsheet/C0603C475K8PACTU.pdf","C0603C150J5GACTU","1414614",""
"C256","15p","Capacitor_SMD:C_0603_1608Metric","https://api.kemet.com/component-edge/download/specsheet/C0603C475K8PACTU.pdf","C0603C150J5GACTU","1414614",""
"J10","Conn_RJ45_MAG","RJMG163118101NR:RJMG163118101NR","http://www.farnell.com/cad/2577820.pdf","RJMG163118101NR","1357436",""
"IC8","LAN9514-JZX-TR","LAN9514-JZX-TR:QFN-64-1EP_9x9mm_P0.5mm_EP7.15x7.15mm_ThermalVias","http://ww1.microchip.com/downloads/en/devicedoc/00002306a.pdf","LAN9514-JZX-TR","3131908",""
"C117","100n","Capacitor_SMD:C_0603_1608Metric","https://api.kemet.com/component-edge/download/specsheet/C0603C104M4RACTU.pdf","C0603C104M4RACTU","2581045","16V"
"C116","100n","Capacitor_SMD:C_0603_1608Metric","https://api.kemet.com/component-edge/download/specsheet/C0603C104M4RACTU.pdf","C0603C104M4RACTU","2581045","16V"
"C115","100n","Capacitor_SMD:C_0603_1608Metric","https://api.kemet.com/component-edge/download/specsheet/C0603C104M4RACTU.pdf","C0603C104M4RACTU","2581045","16V"
"C114","100n","Capacitor_SMD:C_0603_1608Metric","https://api.kemet.com/component-edge/download/specsheet/C0603C104M4RACTU.pdf","C0603C104M4RACTU","2581045","16V"
"C113","100n","Capacitor_SMD:C_0603_1608Metric","https://api.kemet.com/component-edge/download/specsheet/C0603C104M4RACTU.pdf","C0603C104M4RACTU","2581045","16V"
"C112","100n","Capacitor_SMD:C_0603_1608Metric","https://api.kemet.com/component-edge/download/specsheet/C0603C104M4RACTU.pdf","C0603C104M4RACTU","2581045","16V"
"C111","100n","Capacitor_SMD:C_0603_1608Metric","https://api.kemet.com/component-edge/download/specsheet/C0603C104M4RACTU.pdf","C0603C104M4RACTU","2581045","16V"
"C107","100n","Capacitor_SMD:C_0603_1608Metric","https://api.kemet.com/component-edge/download/specsheet/C0603C104M4RACTU.pdf","C0603C104M4RACTU","2581045","16V"
"C106","100n","Capacitor_SMD:C_0603_1608Metric","https://api.kemet.com/component-edge/download/specsheet/C0603C104M4RACTU.pdf","C0603C104M4RACTU","2581045","16V"
"C105","100n","Capacitor_SMD:C_0603_1608Metric","https://api.kemet.com/component-edge/download/specsheet/C0603C104M4RACTU.pdf","C0603C104M4RACTU","2581045","16V"
"C104","100n","Capacitor_SMD:C_0603_1608Metric","https://api.kemet.com/component-edge/download/specsheet/C0603C104M4RACTU.pdf","C0603C104M4RACTU","2581045","16V"
"C103","100n","Capacitor_SMD:C_0603_1608Metric","https://api.kemet.com/component-edge/download/specsheet/C0603C104M4RACTU.pdf","C0603C104M4RACTU","2581045","16V"
"C100","100n","Capacitor_SMD:C_0603_1608Metric","https://api.kemet.com/component-edge/download/specsheet/C0603C104M4RACTU.pdf","C0603C104M4RACTU","2581045","16V"
"C99","1u","Capacitor_SMD:C_0805_2012Metric","https://api.kemet.com/component-edge/download/specsheet/C0805C105K3PACTU.pdf","C0805C105K3PACTU","1463389",""
"FB8","2.0A","Inductor_SMD:L_0603_1608Metric_Pad1.05x0.95mm_HandSolder","http://www.farnell.com/datasheets/1740433.pdf","BLM18PG121SN1D","1515738",""
"FB9","2.0A","Inductor_SMD:L_0603_1608Metric_Pad1.05x0.95mm_HandSolder","http://www.farnell.com/datasheets/1740433.pdf","BLM18PG121SN1D","1515738",""
"R76","10K","Resistor_SMD:R_0603_1608Metric","https://www.vishay.com/docs/20035/dcrcwe3.pdf","CRCW060310K0FKEA","1469748",""
"C101","100n","Capacitor_SMD:C_0603_1608Metric","https://api.kemet.com/component-edge/download/specsheet/C0603C104M4RACTU.pdf","C0603C104M4RACTU","2581045","16V"
"R77","10K","Resistor_SMD:R_0603_1608Metric","https://www.vishay.com/docs/20035/dcrcwe3.pdf","CRCW060310K0FKEA","1469748",""
"C96","100n","Capacitor_SMD:C_0603_1608Metric","https://api.kemet.com/component-edge/download/specsheet/C0603C104M4RACTU.pdf","C0603C104M4RACTU","2581045","16V"
"C95","100n","Capacitor_SMD:C_0603_1608Metric","https://api.kemet.com/component-edge/download/specsheet/C0603C104M4RACTU.pdf","C0603C104M4RACTU","2581045","16V"
"C94","4u7","Capacitor_SMD:C_0805_2012Metric","http://www.farnell.com/datasheets/2079186.pdf","GRM21BR61H475KE51L","2611942","50V"
"R83","330","Resistor_SMD:R_0603_1608Metric","https://www.vishay.com/docs/20035/dcrcwe3.pdf","CRCW0603330RFKEA","1469803",""
"R84","330","Resistor_SMD:R_0603_1608Metric","https://www.vishay.com/docs/20035/dcrcwe3.pdf","CRCW0603330RFKEA","1469803",""
"Y3","25MHz","Crystal:Crystal_SMD_Abracon_ABM8G-4Pin_3.2x2.5mm","http://www.farnell.com/datasheets/1853066.pdf","LFXTAL055299","2449505",""
"R75","1M","Resistor_SMD:R_0603_1608Metric","https://www.vishay.com/docs/20035/dcrcwe3.pdf","CRCW06031M00FKEA","1469746",""
"C97","15p","Capacitor_SMD:C_0603_1608Metric","https://api.kemet.com/component-edge/download/specsheet/C0603C475K8PACTU.pdf","C0603C150J5GACTU","1414614",""
"C98","15p","Capacitor_SMD:C_0603_1608Metric","https://api.kemet.com/component-edge/download/specsheet/C0603C475K8PACTU.pdf","C0603C150J5GACTU","1414614",""
"R70","12K","Resistor_SMD:R_0603_1608Metric","https://www.vishay.com/docs/20035/dcrcwe3.pdf","CRCW060312K0FKEA","1652834",""
"R69","680","Resistor_SMD:R_0603_1608Metric","https://www.vishay.com/docs/20035/dcrcwe3.pdf","CRCW0603680RFKEA","1469834",""
"IC9","93LC66A-I_SN","Package_SO:SOIC-8_3.9x4.9mm_P1.27mm","https://www.mouser.ch/datasheet/2/268/21795b-75092.pdf","93LC66A-I_SN","2851654",""
"C109","100n","Capacitor_SMD:C_0603_1608Metric","https://api.kemet.com/component-edge/download/specsheet/C0603C104M4RACTU.pdf","C0603C104M4RACTU","2581045","16V"
"R78","49R9","Resistor_SMD:R_0603_1608Metric","https://www.vishay.com/docs/20035/dcrcwe3.pdf","CRCW060349R9FKEA","1469817",""
"R79","49R9","Resistor_SMD:R_0603_1608Metric","https://www.vishay.com/docs/20035/dcrcwe3.pdf","CRCW060349R9FKEA","1469817",""
"R80","49R9","Resistor_SMD:R_0603_1608Metric","https://www.vishay.com/docs/20035/dcrcwe3.pdf","CRCW060349R9FKEA","1469817",""
"R81","49R9","Resistor_SMD:R_0603_1608Metric","https://www.vishay.com/docs/20035/dcrcwe3.pdf","CRCW060349R9FKEA","1469817",""
"R82","10R","Resistor_SMD:R_0603_1608Metric","https://www.vishay.com/docs/20035/dcrcwe3.pdf","CRCW060310R0FKEA","1469751",""
"C108","22n","Capacitor_SMD:C_0603_1608Metric","https://api.kemet.com/component-edge/download/specsheet/C0603C475K8PACTU.pdf","C0603C223K1RACTU","1865548",""
"R86","0R","Resistor_SMD:R_0805_2012Metric","https://www.vishay.com/docs/20035/dcrcwe3.pdf","CRCW08050000Z0EA","1469846",""
"C110","100n","Capacitor_SMD:C_0805_2012Metric","https://api.kemet.com/component-edge/download/specsheet/C0805C104K5RACTU.pdf","C0805C104K5RACTU","1414664",""
"R73","330","Resistor_SMD:R_0603_1608Metric","https://www.vishay.com/docs/20035/dcrcwe3.pdf","CRCW0603330RFKEA","1469803",""
"R74","330","Resistor_SMD:R_0603_1608Metric","https://www.vishay.com/docs/20035/dcrcwe3.pdf","CRCW0603330RFKEA","1469803",""
"R85","12K4","Resistor_SMD:R_0603_1608Metric","https://www.vishay.com/docs/20035/dcrcwe3.pdf","CRCW060312K4FKEA","1652836",""
"C102","22u","Capacitor_SMD:C_0805_2012Metric","https://api.kemet.com/component-edge/download/specsheet/C0805C226M9PACTU.pdf","C0805C226M9PACTU","1108326",""
"C258","15p","Capacitor_SMD:C_0603_1608Metric","https://api.kemet.com/component-edge/download/specsheet/C0603C475K8PACTU.pdf","C0603C150J5GACTU","1414614",""
"C261","15p","Capacitor_SMD:C_0603_1608Metric","https://api.kemet.com/component-edge/download/specsheet/C0603C475K8PACTU.pdf","C0603C150J5GACTU","1414614",""
"C259","15p","Capacitor_SMD:C_0603_1608Metric","https://api.kemet.com/component-edge/download/specsheet/C0603C475K8PACTU.pdf","C0603C150J5GACTU","1414614",""
"C260","15p","Capacitor_SMD:C_0603_1608Metric","https://api.kemet.com/component-edge/download/specsheet/C0603C475K8PACTU.pdf","C0603C150J5GACTU","1414614",""
"IC10","MIC2026-1YM","Package_SO:SOIC-8_3.9x4.9mm_P1.27mm","http://www.farnell.com/datasheets/712329.pdf","MIC2026-1YM","2509897",""
"FB10","2.0A","Inductor_SMD:L_0603_1608Metric_Pad1.05x0.95mm_HandSolder","http://www.farnell.com/datasheets/1740433.pdf","BLM18PG121SN1D","1515738",""
"D14","PESD5V0L1BA","Diode_SMD:D_SOD-323_HandSoldering","http://www.farnell.com/datasheets/682594.pdf","PESD5V0L1BA,115","8737606",""
"D13","ECMF02-2AMX6","Package_DFN_QFN:ST_UQFN-6L_1.5x1.7mm_Pitch0.5mm","https://www.st.com/resource/en/datasheet/ecmf02-2amx6.pdf","ECMF02-2AMX6","2629720",""
"F3","500mA","Fuse:Fuse_1206_3216Metric","http://www.littelfuse.com/data/en/Data_Sheets/Littelfuse_PTC_1206L.pdf","1206L050YR","1596993",""
"FB11","2.0A","Inductor_SMD:L_0603_1608Metric_Pad1.05x0.95mm_HandSolder","http://www.farnell.com/datasheets/1740433.pdf","BLM18PG121SN1D","1515738",""
"D16","PESD5V0L1BA","Diode_SMD:D_SOD-323_HandSoldering","http://www.farnell.com/datasheets/682594.pdf","PESD5V0L1BA,115","8737606",""
"D15","ECMF02-2AMX6","Package_DFN_QFN:ST_UQFN-6L_1.5x1.7mm_Pitch0.5mm","https://www.st.com/resource/en/datasheet/ecmf02-2amx6.pdf","ECMF02-2AMX6","2629720",""
"F4","500mA","Fuse:Fuse_1206_3216Metric","http://www.littelfuse.com/data/en/Data_Sheets/Littelfuse_PTC_1206L.pdf","1206L050YR","1596993",""
"J12","Conn_USB_A","73725-0110BLF:73725-0110BLF","http://www.farnell.com/cad/2562142.pdf","73725-0110BLF ","2112380",""
"C119","47u","Capacitor_SMD:C_0805_2012Metric","http://www.farnell.com/datasheets/2047835.pdf","GRM21BR60J476ME15L","2362109",""
"C121","100n","Capacitor_SMD:C_0603_1608Metric","https://api.kemet.com/component-edge/download/specsheet/C0603C104M4RACTU.pdf","C0603C104M4RACTU","2581045","16V"
"C123","47u","Capacitor_SMD:C_0805_2012Metric","http://www.farnell.com/datasheets/2047835.pdf","GRM21BR60J476ME15L","2362109",""
"C120","47u","Capacitor_SMD:C_0805_2012Metric","http://www.farnell.com/datasheets/2047835.pdf","GRM21BR60J476ME15L","2362109",""
"R90","0R","Resistor_SMD:R_0805_2012Metric","https://www.vishay.com/docs/20035/dcrcwe3.pdf","CRCW08050000Z0EA","1469846",""
"C122","100n","Capacitor_SMD:C_0805_2012Metric","https://api.kemet.com/component-edge/download/specsheet/C0805C104K5RACTU.pdf","C0805C104K5RACTU","1414664",""
"R87","0R","Resistor_SMD:R_0805_2012Metric","https://www.vishay.com/docs/20035/dcrcwe3.pdf","CRCW08050000Z0EA","1469846",""
"C118","100n","Capacitor_SMD:C_0805_2012Metric","https://api.kemet.com/component-edge/download/specsheet/C0805C104K5RACTU.pdf","C0805C104K5RACTU","1414664",""
"J11","Conn_USB_A","73725-0110BLF:73725-0110BLF","http://www.farnell.com/cad/2562142.pdf","73725-0110BLF ","2112380",""
"IC11","MIC2026-1YM","Package_SO:SOIC-8_3.9x4.9mm_P1.27mm","http://www.farnell.com/datasheets/712329.pdf","MIC2026-1YM","2509897",""
"FB12","2.0A","Inductor_SMD:L_0603_1608Metric_Pad1.05x0.95mm_HandSolder","http://www.farnell.com/datasheets/1740433.pdf","BLM18PG121SN1D","1515738",""
"D18","PESD5V0L1BA","Diode_SMD:D_SOD-323_HandSoldering","http://www.farnell.com/datasheets/682594.pdf","PESD5V0L1BA,115","8737606",""
"D17","ECMF02-2AMX6","Package_DFN_QFN:ST_UQFN-6L_1.5x1.7mm_Pitch0.5mm","https://www.st.com/resource/en/datasheet/ecmf02-2amx6.pdf","ECMF02-2AMX6","2629720",""
"F5","500mA","Fuse:Fuse_1206_3216Metric","http://www.littelfuse.com/data/en/Data_Sheets/Littelfuse_PTC_1206L.pdf","1206L050YR","1596993",""
"J13","Conn_USB_A","73725-0110BLF:73725-0110BLF","http://www.farnell.com/cad/2562142.pdf","73725-0110BLF ","2112380",""
"FB13","2.0A","Inductor_SMD:L_0603_1608Metric_Pad1.05x0.95mm_HandSolder","http://www.farnell.com/datasheets/1740433.pdf","BLM18PG121SN1D","1515738",""
"D20","PESD5V0L1BA","Diode_SMD:D_SOD-323_HandSoldering","http://www.farnell.com/datasheets/682594.pdf","PESD5V0L1BA,115","8737606",""
"D19","ECMF02-2AMX6","Package_DFN_QFN:ST_UQFN-6L_1.5x1.7mm_Pitch0.5mm","https://www.st.com/resource/en/datasheet/ecmf02-2amx6.pdf","ECMF02-2AMX6","2629720",""
"F6","500mA","Fuse:Fuse_1206_3216Metric","http://www.littelfuse.com/data/en/Data_Sheets/Littelfuse_PTC_1206L.pdf","1206L050YR","1596993",""
"J14","Conn_USB_A","73725-0110BLF:73725-0110BLF","http://www.farnell.com/cad/2562142.pdf","73725-0110BLF ","2112380",""
"C125","47u","Capacitor_SMD:C_0805_2012Metric","http://www.farnell.com/datasheets/2047835.pdf","GRM21BR60J476ME15L","2362109",""
"C127","100n","Capacitor_SMD:C_0603_1608Metric","https://api.kemet.com/component-edge/download/specsheet/C0603C104M4RACTU.pdf","C0603C104M4RACTU","2581045","16V"
"C129","47u","Capacitor_SMD:C_0805_2012Metric","http://www.farnell.com/datasheets/2047835.pdf","GRM21BR60J476ME15L","2362109",""
"C126","47u","Capacitor_SMD:C_0805_2012Metric","http://www.farnell.com/datasheets/2047835.pdf","GRM21BR60J476ME15L","2362109",""
"R96","0R","Resistor_SMD:R_0805_2012Metric","https://www.vishay.com/docs/20035/dcrcwe3.pdf","CRCW08050000Z0EA","1469846",""
"C128","100n","Capacitor_SMD:C_0805_2012Metric","https://api.kemet.com/component-edge/download/specsheet/C0805C104K5RACTU.pdf","C0805C104K5RACTU","1414664",""
"R93","0R","Resistor_SMD:R_0805_2012Metric","https://www.vishay.com/docs/20035/dcrcwe3.pdf","CRCW08050000Z0EA","1469846",""
"C124","100n","Capacitor_SMD:C_0805_2012Metric","https://api.kemet.com/component-edge/download/specsheet/C0805C104K5RACTU.pdf","C0805C104K5RACTU","1414664",""
"R102","0R","Resistor_SMD:R_0603_1608Metric","https://www.vishay.com/docs/20035/dcrcwe3.pdf","CRCW06030000Z0EA","1469739",""
"R99","0R","Resistor_SMD:R_0603_1608Metric","https://www.vishay.com/docs/20035/dcrcwe3.pdf","CRCW06030000Z0EA","1469739",""
"IC12","TUSB9261IPVP","TUSB9261IPVP:PQFP-64_7x7mm_P0.4mm","https://www.ti.com/lit/ds/symlink/tusb9261.pdf","TUSB9261IPVP","3124773",""
"Y4","40MHz","Crystal:Crystal_SMD_Abracon_ABM8G-4Pin_3.2x2.5mm","http://www.farnell.com/datasheets/2792510.pdf","ABM8-40.000MHZ-10-D1G-T","3228516",""
"R107","1M","Resistor_SMD:R_0603_1608Metric","https://www.vishay.com/docs/20035/dcrcwe3.pdf","CRCW06031M00FKEA","1469746",""
"C134","33p","Capacitor_SMD:C_0603_1608Metric","https://api.kemet.com/component-edge/download/specsheet/C0603C330J5GACTU.pdf","C0603C330J5GACTU","1414633",""
"C140","100n","Capacitor_SMD:C_0603_1608Metric","https://api.kemet.com/component-edge/download/specsheet/C0603C104M4RACTU.pdf","C0603C104M4RACTU","2581045","16V"
"C141","100n","Capacitor_SMD:C_0603_1608Metric","https://api.kemet.com/component-edge/download/specsheet/C0603C104M4RACTU.pdf","C0603C104M4RACTU","2581045","16V"
"C142","100n","Capacitor_SMD:C_0603_1608Metric","https://api.kemet.com/component-edge/download/specsheet/C0603C104M4RACTU.pdf","C0603C104M4RACTU","2581045","16V"
"C143","100n","Capacitor_SMD:C_0603_1608Metric","https://api.kemet.com/component-edge/download/specsheet/C0603C104M4RACTU.pdf","C0603C104M4RACTU","2581045","16V"
"C144","100n","Capacitor_SMD:C_0603_1608Metric","https://api.kemet.com/component-edge/download/specsheet/C0603C104M4RACTU.pdf","C0603C104M4RACTU","2581045","16V"
"C145","100n","Capacitor_SMD:C_0603_1608Metric","https://api.kemet.com/component-edge/download/specsheet/C0603C104M4RACTU.pdf","C0603C104M4RACTU","2581045","16V"
"C146","100n","Capacitor_SMD:C_0603_1608Metric","https://api.kemet.com/component-edge/download/specsheet/C0603C104M4RACTU.pdf","C0603C104M4RACTU","2581045","16V"
"C147","100n","Capacitor_SMD:C_0603_1608Metric","https://api.kemet.com/component-edge/download/specsheet/C0603C104M4RACTU.pdf","C0603C104M4RACTU","2581045","16V"
"C148","100n","Capacitor_SMD:C_0603_1608Metric","https://api.kemet.com/component-edge/download/specsheet/C0603C104M4RACTU.pdf","C0603C104M4RACTU","2581045","16V"
"C149","100n","Capacitor_SMD:C_0603_1608Metric","https://api.kemet.com/component-edge/download/specsheet/C0603C104M4RACTU.pdf","C0603C104M4RACTU","2581045","16V"
"C150","100n","Capacitor_SMD:C_0603_1608Metric","https://api.kemet.com/component-edge/download/specsheet/C0603C104M4RACTU.pdf","C0603C104M4RACTU","2581045","16V"
"C152","100n","Capacitor_SMD:C_0603_1608Metric","https://api.kemet.com/component-edge/download/specsheet/C0603C104M4RACTU.pdf","C0603C104M4RACTU","2581045","16V"
"C153","100n","Capacitor_SMD:C_0603_1608Metric","https://api.kemet.com/component-edge/download/specsheet/C0603C104M4RACTU.pdf","C0603C104M4RACTU","2581045","16V"
"C154","100n","Capacitor_SMD:C_0603_1608Metric","https://api.kemet.com/component-edge/download/specsheet/C0603C104M4RACTU.pdf","C0603C104M4RACTU","2581045","16V"
"C156","100n","Capacitor_SMD:C_0603_1608Metric","https://api.kemet.com/component-edge/download/specsheet/C0603C104M4RACTU.pdf","C0603C104M4RACTU","2581045","16V"
"C157","100n","Capacitor_SMD:C_0603_1608Metric","https://api.kemet.com/component-edge/download/specsheet/C0603C104M4RACTU.pdf","C0603C104M4RACTU","2581045","16V"
"C158","100n","Capacitor_SMD:C_0603_1608Metric","https://api.kemet.com/component-edge/download/specsheet/C0603C104M4RACTU.pdf","C0603C104M4RACTU","2581045","16V"
"C159","100n","Capacitor_SMD:C_0603_1608Metric","https://api.kemet.com/component-edge/download/specsheet/C0603C104M4RACTU.pdf","C0603C104M4RACTU","2581045","16V"
"IC13","IS25LQ010B","Package_SO:SOIC-8_3.9x4.9mm_P1.27mm","http://www.farnell.com/datasheets/1669409.pdf","IS25LQ010B-JNLE","2901147",""
"C139","100n","Capacitor_SMD:C_0603_1608Metric","https://api.kemet.com/component-edge/download/specsheet/C0603C104M4RACTU.pdf","C0603C104M4RACTU","2581045","16V"
"R112","10K","Resistor_SMD:R_0603_1608Metric","https://www.vishay.com/docs/20035/dcrcwe3.pdf","CRCW060310K0FKEA","1469748",""
"R113","10K","Resistor_SMD:R_0603_1608Metric","https://www.vishay.com/docs/20035/dcrcwe3.pdf","CRCW060310K0FKEA","1469748",""
"R106","10K","Resistor_SMD:R_0603_1608Metric","https://www.vishay.com/docs/20035/dcrcwe3.pdf","CRCW060310K0FKEA","1469748",""
"R105","10K","Resistor_SMD:R_0603_1608Metric","https://www.vishay.com/docs/20035/dcrcwe3.pdf","CRCW060310K0FKEA","1469748",""
"R104","90K9","Resistor_SMD:R_0603_1608Metric","https://www.vishay.com/docs/20035/dcrcwe3.pdf","CRCW060390K9FKEA","2138493",""
"R111","10K","Resistor_SMD:R_0603_1608Metric","https://www.vishay.com/docs/20035/dcrcwe3.pdf","CRCW060310K0FKEA","1469748",""
"R110","10K","Resistor_SMD:R_0603_1608Metric","https://www.vishay.com/docs/20035/dcrcwe3.pdf","CRCW060310K0FKEA","1469748",""
"C136","33p","Capacitor_SMD:C_0603_1608Metric","https://api.kemet.com/component-edge/download/specsheet/C0603C330J5GACTU.pdf","C0603C330J5GACTU","1414633",""
"FB14","2.0A","Inductor_SMD:L_0603_1608Metric_Pad1.05x0.95mm_HandSolder","http://www.farnell.com/datasheets/1740433.pdf","BLM18PG121SN1D","1515738",""
"R115","330","Resistor_SMD:R_0603_1608Metric","https://www.vishay.com/docs/20035/dcrcwe3.pdf","CRCW0603330RFKEA","1469803",""
"D21","LED","LED_SMD:LED_0805_2012Metric_Pad1.15x1.40mm_HandSolder","http://www.farnell.com/datasheets/1854080.pdf","KP-2012LSGC","2463991",""
"R108","10K","Resistor_SMD:R_0603_1608Metric","https://www.vishay.com/docs/20035/dcrcwe3.pdf","CRCW060310K0FKEA","1469748",""
"C138","100n","Capacitor_SMD:C_0603_1608Metric","https://api.kemet.com/component-edge/download/specsheet/C0603C104M4RACTU.pdf","C0603C104M4RACTU","2581045","16V"
"C155","47u","Capacitor_SMD:C_0805_2012Metric","http://www.farnell.com/datasheets/2047835.pdf","GRM21BR60J476ME15L","2362109",""
"C151","4u7","Capacitor_SMD:C_0805_2012Metric","http://www.farnell.com/datasheets/2079186.pdf","GRM21BR61H475KE51L","2611942","50V"
"J15","Conn_SATA","87678-1001:87678-1001","http://www.farnell.com/datasheets/2832428.pdf","87678-1001","3226185",""
"R100","0R","Resistor_SMD:R_0805_2012Metric","https://www.vishay.com/docs/20035/dcrcwe3.pdf","CRCW08050000Z0EA","1469846",""
"R101","0R","Resistor_SMD:R_0805_2012Metric","https://www.vishay.com/docs/20035/dcrcwe3.pdf","CRCW08050000Z0EA","1469846",""
"R103","0R","Resistor_SMD:R_0805_2012Metric","https://www.vishay.com/docs/20035/dcrcwe3.pdf","CRCW08050000Z0EA","1469846",""
"C135","4u7","Capacitor_SMD:C_0805_2012Metric","http://www.farnell.com/datasheets/2079186.pdf","GRM21BR61H475KE51L","2611942","50V"
"C137","4u7","Capacitor_SMD:C_0805_2012Metric","http://www.farnell.com/datasheets/2079186.pdf","GRM21BR61H475KE51L","2611942","50V"
"C130","10n","Capacitor_SMD:C_0603_1608Metric","https://api.kemet.com/component-edge/download/specsheet/C0603C103K1RACTU.pdf","C0603C103K1RACTU","1865545",""
"C131","10n","Capacitor_SMD:C_0603_1608Metric","https://api.kemet.com/component-edge/download/specsheet/C0603C103K1RACTU.pdf","C0603C103K1RACTU","1865545",""
"C132","10n","Capacitor_SMD:C_0603_1608Metric","https://api.kemet.com/component-edge/download/specsheet/C0603C103K1RACTU.pdf","C0603C103K1RACTU","1865545",""
"C133","10n","Capacitor_SMD:C_0603_1608Metric","https://api.kemet.com/component-edge/download/specsheet/C0603C103K1RACTU.pdf","C0603C103K1RACTU","1865545",""
"C160","1u","Capacitor_SMD:C_0805_2012Metric","https://api.kemet.com/component-edge/download/specsheet/C0805C105K3PACTU.pdf","C0805C105K3PACTU","1463389",""
"C161","10u","Capacitor_SMD:C_0805_2012Metric","https://api.kemet.com/component-edge/download/specsheet/C0805C106K8RACTU.pdf","C0805C106K8RACTU","2118132",""
"R109","10K","Resistor_SMD:R_0603_1608Metric","https://www.vishay.com/docs/20035/dcrcwe3.pdf","CRCW060310K0FKEA","1469748",""
"R114","10K","Resistor_SMD:R_0603_1608Metric","https://www.vishay.com/docs/20035/dcrcwe3.pdf","CRCW060310K0FKEA","1469748",""
"R119","0R","Resistor_SMD:R_0603_1608Metric","https://www.vishay.com/docs/20035/dcrcwe3.pdf","CRCW06030000Z0EA","1469739",""
"R116","0R","Resistor_SMD:R_0603_1608Metric","https://www.vishay.com/docs/20035/dcrcwe3.pdf","CRCW06030000Z0EA","1469739",""
"IC14","TUSB9261IPVP","TUSB9261IPVP:PQFP-64_7x7mm_P0.4mm","https://www.ti.com/lit/ds/symlink/tusb9261.pdf","TUSB9261IPVP","3124773",""
"Y5","40MHz","Crystal:Crystal_SMD_Abracon_ABM8G-4Pin_3.2x2.5mm","http://www.farnell.com/datasheets/2792510.pdf","ABM8-40.000MHZ-10-D1G-T","3228516",""
"R124","1M","Resistor_SMD:R_0603_1608Metric","https://www.vishay.com/docs/20035/dcrcwe3.pdf","CRCW06031M00FKEA","1469746",""
"C166","33p","Capacitor_SMD:C_0603_1608Metric","https://api.kemet.com/component-edge/download/specsheet/C0603C330J5GACTU.pdf","C0603C330J5GACTU","1414633",""
"C172","100n","Capacitor_SMD:C_0603_1608Metric","https://api.kemet.com/component-edge/download/specsheet/C0603C104M4RACTU.pdf","C0603C104M4RACTU","2581045","16V"
"C173","100n","Capacitor_SMD:C_0603_1608Metric","https://api.kemet.com/component-edge/download/specsheet/C0603C104M4RACTU.pdf","C0603C104M4RACTU","2581045","16V"
"C174","100n","Capacitor_SMD:C_0603_1608Metric","https://api.kemet.com/component-edge/download/specsheet/C0603C104M4RACTU.pdf","C0603C104M4RACTU","2581045","16V"
"C175","100n","Capacitor_SMD:C_0603_1608Metric","https://api.kemet.com/component-edge/download/specsheet/C0603C104M4RACTU.pdf","C0603C104M4RACTU","2581045","16V"
"C176","100n","Capacitor_SMD:C_0603_1608Metric","https://api.kemet.com/component-edge/download/specsheet/C0603C104M4RACTU.pdf","C0603C104M4RACTU","2581045","16V"
"C177","100n","Capacitor_SMD:C_0603_1608Metric","https://api.kemet.com/component-edge/download/specsheet/C0603C104M4RACTU.pdf","C0603C104M4RACTU","2581045","16V"
"C178","100n","Capacitor_SMD:C_0603_1608Metric","https://api.kemet.com/component-edge/download/specsheet/C0603C104M4RACTU.pdf","C0603C104M4RACTU","2581045","16V"
"C179","100n","Capacitor_SMD:C_0603_1608Metric","https://api.kemet.com/component-edge/download/specsheet/C0603C104M4RACTU.pdf","C0603C104M4RACTU","2581045","16V"
"C180","100n","Capacitor_SMD:C_0603_1608Metric","https://api.kemet.com/component-edge/download/specsheet/C0603C104M4RACTU.pdf","C0603C104M4RACTU","2581045","16V"
"C181","100n","Capacitor_SMD:C_0603_1608Metric","https://api.kemet.com/component-edge/download/specsheet/C0603C104M4RACTU.pdf","C0603C104M4RACTU","2581045","16V"
"C182","100n","Capacitor_SMD:C_0603_1608Metric","https://api.kemet.com/component-edge/download/specsheet/C0603C104M4RACTU.pdf","C0603C104M4RACTU","2581045","16V"
"C184","100n","Capacitor_SMD:C_0603_1608Metric","https://api.kemet.com/component-edge/download/specsheet/C0603C104M4RACTU.pdf","C0603C104M4RACTU","2581045","16V"
"C185","100n","Capacitor_SMD:C_0603_1608Metric","https://api.kemet.com/component-edge/download/specsheet/C0603C104M4RACTU.pdf","C0603C104M4RACTU","2581045","16V"
"C186","100n","Capacitor_SMD:C_0603_1608Metric","https://api.kemet.com/component-edge/download/specsheet/C0603C104M4RACTU.pdf","C0603C104M4RACTU","2581045","16V"
"C188","100n","Capacitor_SMD:C_0603_1608Metric","https://api.kemet.com/component-edge/download/specsheet/C0603C104M4RACTU.pdf","C0603C104M4RACTU","2581045","16V"
"C189","100n","Capacitor_SMD:C_0603_1608Metric","https://api.kemet.com/component-edge/download/specsheet/C0603C104M4RACTU.pdf","C0603C104M4RACTU","2581045","16V"
"C190","100n","Capacitor_SMD:C_0603_1608Metric","https://api.kemet.com/component-edge/download/specsheet/C0603C104M4RACTU.pdf","C0603C104M4RACTU","2581045","16V"
"C191","100n","Capacitor_SMD:C_0603_1608Metric","https://api.kemet.com/component-edge/download/specsheet/C0603C104M4RACTU.pdf","C0603C104M4RACTU","2581045","16V"
"IC15","IS25LQ010B","Package_SO:SOIC-8_3.9x4.9mm_P1.27mm","http://www.farnell.com/datasheets/1669409.pdf","IS25LQ010B-JNLE","2901147",""
"C171","100n","Capacitor_SMD:C_0603_1608Metric","https://api.kemet.com/component-edge/download/specsheet/C0603C104M4RACTU.pdf","C0603C104M4RACTU","2581045","16V"
"R129","10K","Resistor_SMD:R_0603_1608Metric","https://www.vishay.com/docs/20035/dcrcwe3.pdf","CRCW060310K0FKEA","1469748",""
"R130","10K","Resistor_SMD:R_0603_1608Metric","https://www.vishay.com/docs/20035/dcrcwe3.pdf","CRCW060310K0FKEA","1469748",""
"R123","10K","Resistor_SMD:R_0603_1608Metric","https://www.vishay.com/docs/20035/dcrcwe3.pdf","CRCW060310K0FKEA","1469748",""
"R122","10K","Resistor_SMD:R_0603_1608Metric","https://www.vishay.com/docs/20035/dcrcwe3.pdf","CRCW060310K0FKEA","1469748",""
"R121","90K9","Resistor_SMD:R_0603_1608Metric","https://www.vishay.com/docs/20035/dcrcwe3.pdf","CRCW060390K9FKEA","2138493",""
"R128","10K","Resistor_SMD:R_0603_1608Metric","https://www.vishay.com/docs/20035/dcrcwe3.pdf","CRCW060310K0FKEA","1469748",""
"R127","10K","Resistor_SMD:R_0603_1608Metric","https://www.vishay.com/docs/20035/dcrcwe3.pdf","CRCW060310K0FKEA","1469748",""
"C168","33p","Capacitor_SMD:C_0603_1608Metric","https://api.kemet.com/component-edge/download/specsheet/C0603C330J5GACTU.pdf","C0603C330J5GACTU","1414633",""
"FB15","2.0A","Inductor_SMD:L_0603_1608Metric_Pad1.05x0.95mm_HandSolder","http://www.farnell.com/datasheets/1740433.pdf","BLM18PG121SN1D","1515738",""
"C162","10n","Capacitor_SMD:C_0603_1608Metric","https://api.kemet.com/component-edge/download/specsheet/C0603C103K1RACTU.pdf","C0603C103K1RACTU","1865545",""
"C163","10n","Capacitor_SMD:C_0603_1608Metric","https://api.kemet.com/component-edge/download/specsheet/C0603C103K1RACTU.pdf","C0603C103K1RACTU","1865545",""
"C164","10n","Capacitor_SMD:C_0603_1608Metric","https://api.kemet.com/component-edge/download/specsheet/C0603C103K1RACTU.pdf","C0603C103K1RACTU","1865545",""
"C165","10n","Capacitor_SMD:C_0603_1608Metric","https://api.kemet.com/component-edge/download/specsheet/C0603C103K1RACTU.pdf","C0603C103K1RACTU","1865545",""
"R132","330","Resistor_SMD:R_0603_1608Metric","https://www.vishay.com/docs/20035/dcrcwe3.pdf","CRCW0603330RFKEA","1469803",""
"D22","LED","LED_SMD:LED_0805_2012Metric_Pad1.15x1.40mm_HandSolder","http://www.farnell.com/datasheets/1854080.pdf","KP-2012LSGC","2463991",""
"R125","10K","Resistor_SMD:R_0603_1608Metric","https://www.vishay.com/docs/20035/dcrcwe3.pdf","CRCW060310K0FKEA","1469748",""
"C170","100n","Capacitor_SMD:C_0603_1608Metric","https://api.kemet.com/component-edge/download/specsheet/C0603C104M4RACTU.pdf","C0603C104M4RACTU","2581045","16V"
"C187","47u","Capacitor_SMD:C_0805_2012Metric","http://www.farnell.com/datasheets/2047835.pdf","GRM21BR60J476ME15L","2362109",""
"C183","4u7","Capacitor_SMD:C_0805_2012Metric","http://www.farnell.com/datasheets/2079186.pdf","GRM21BR61H475KE51L","2611942","50V"
"J16","Conn_SATA","87678-1001:87678-1001","http://www.farnell.com/datasheets/2832428.pdf","87678-1001","3226185",""
"R117","0R","Resistor_SMD:R_0805_2012Metric","https://www.vishay.com/docs/20035/dcrcwe3.pdf","CRCW08050000Z0EA","1469846",""
"R118","0R","Resistor_SMD:R_0805_2012Metric","https://www.vishay.com/docs/20035/dcrcwe3.pdf","CRCW08050000Z0EA","1469846",""
"R120","0R","Resistor_SMD:R_0805_2012Metric","https://www.vishay.com/docs/20035/dcrcwe3.pdf","CRCW08050000Z0EA","1469846",""
"C167","4u7","Capacitor_SMD:C_0805_2012Metric","http://www.farnell.com/datasheets/2079186.pdf","GRM21BR61H475KE51L","2611942","50V"
"C169","4u7","Capacitor_SMD:C_0805_2012Metric","http://www.farnell.com/datasheets/2079186.pdf","GRM21BR61H475KE51L","2611942","50V"
"C192","1u","Capacitor_SMD:C_0805_2012Metric","https://api.kemet.com/component-edge/download/specsheet/C0805C105K3PACTU.pdf","C0805C105K3PACTU","1463389",""
"C193","10u","Capacitor_SMD:C_0805_2012Metric","https://api.kemet.com/component-edge/download/specsheet/C0805C106K8RACTU.pdf","C0805C106K8RACTU","2118132",""
"R126","10K","Resistor_SMD:R_0603_1608Metric","https://www.vishay.com/docs/20035/dcrcwe3.pdf","CRCW060310K0FKEA","1469748",""
"R131","10K","Resistor_SMD:R_0603_1608Metric","https://www.vishay.com/docs/20035/dcrcwe3.pdf","CRCW060310K0FKEA","1469748",""
"IC16","MIC2026-1YM","Package_SO:SOIC-8_3.9x4.9mm_P1.27mm","http://www.farnell.com/datasheets/712329.pdf","MIC2026-1YM","2509897",""
"FB16","2.0A","Inductor_SMD:L_0603_1608Metric_Pad1.05x0.95mm_HandSolder","http://www.farnell.com/datasheets/1740433.pdf","BLM18PG121SN1D","1515738",""
"D24","PESD5V0L1BA","Diode_SMD:D_SOD-323_HandSoldering","http://www.farnell.com/datasheets/682594.pdf","PESD5V0L1BA,115","8737606",""
"D23","ECMF02-2AMX6","Package_DFN_QFN:ST_UQFN-6L_1.5x1.7mm_Pitch0.5mm","https://www.st.com/resource/en/datasheet/ecmf02-2amx6.pdf","ECMF02-2AMX6","2629720",""
"F7","500mA","Fuse:Fuse_1206_3216Metric","http://www.littelfuse.com/data/en/Data_Sheets/Littelfuse_PTC_1206L.pdf","1206L050YR","1596993",""
"J17","Conn_USB_A","1734366-1:1734366-1","http://www.farnell.com/datasheets/1650952.pdf","1734366-1","1654064",""
"FB17","2.0A","Inductor_SMD:L_0603_1608Metric_Pad1.05x0.95mm_HandSolder","http://www.farnell.com/datasheets/1740433.pdf","BLM18PG121SN1D","1515738",""
"D26","PESD5V0L1BA","Diode_SMD:D_SOD-323_HandSoldering","http://www.farnell.com/datasheets/682594.pdf","PESD5V0L1BA,115","8737606",""
"D25","ECMF02-2AMX6","Package_DFN_QFN:ST_UQFN-6L_1.5x1.7mm_Pitch0.5mm","https://www.st.com/resource/en/datasheet/ecmf02-2amx6.pdf","ECMF02-2AMX6","2629720",""
"F8","500mA","Fuse:Fuse_1206_3216Metric","http://www.littelfuse.com/data/en/Data_Sheets/Littelfuse_PTC_1206L.pdf","1206L050YR","1596993",""
"J18","Conn_USB_A","1734366-1:1734366-1","http://www.farnell.com/datasheets/1650952.pdf","1734366-1","1654064",""
"C195","47u","Capacitor_SMD:C_0805_2012Metric","http://www.farnell.com/datasheets/2047835.pdf","GRM21BR60J476ME15L","2362109",""
"C197","100n","Capacitor_SMD:C_0603_1608Metric","https://api.kemet.com/component-edge/download/specsheet/C0603C104M4RACTU.pdf","C0603C104M4RACTU","2581045","16V"
"C199","47u","Capacitor_SMD:C_0805_2012Metric","http://www.farnell.com/datasheets/2047835.pdf","GRM21BR60J476ME15L","2362109",""
"C196","47u","Capacitor_SMD:C_0805_2012Metric","http://www.farnell.com/datasheets/2047835.pdf","GRM21BR60J476ME15L","2362109",""
"R136","0R","Resistor_SMD:R_0805_2012Metric","https://www.vishay.com/docs/20035/dcrcwe3.pdf","CRCW08050000Z0EA","1469846",""
"C198","100n","Capacitor_SMD:C_0805_2012Metric","https://api.kemet.com/component-edge/download/specsheet/C0805C104K5RACTU.pdf","C0805C104K5RACTU","1414664",""
"R133","0R","Resistor_SMD:R_0805_2012Metric","https://www.vishay.com/docs/20035/dcrcwe3.pdf","CRCW08050000Z0EA","1469846",""
"C194","100n","Capacitor_SMD:C_0805_2012Metric","https://api.kemet.com/component-edge/download/specsheet/C0805C104K5RACTU.pdf","C0805C104K5RACTU","1414664",""
"IC17","MIC2026-1YM","Package_SO:SOIC-8_3.9x4.9mm_P1.27mm","http://www.farnell.com/datasheets/712329.pdf","MIC2026-1YM","2509897",""
"FB18","2.0A","Inductor_SMD:L_0603_1608Metric_Pad1.05x0.95mm_HandSolder","http://www.farnell.com/datasheets/1740433.pdf","BLM18PG121SN1D","1515738",""
"D28","PESD5V0L1BA","Diode_SMD:D_SOD-323_HandSoldering","http://www.farnell.com/datasheets/682594.pdf","PESD5V0L1BA,115","8737606",""
"D27","ECMF02-2AMX6","Package_DFN_QFN:ST_UQFN-6L_1.5x1.7mm_Pitch0.5mm","https://www.st.com/resource/en/datasheet/ecmf02-2amx6.pdf","ECMF02-2AMX6","2629720",""
"F9","500mA","Fuse:Fuse_1206_3216Metric","http://www.littelfuse.com/data/en/Data_Sheets/Littelfuse_PTC_1206L.pdf","1206L050YR","1596993",""
"J19","Conn_USB_A","1734366-1:1734366-1","http://www.farnell.com/datasheets/1650952.pdf","1734366-1","1654064",""
"C201","47u","Capacitor_SMD:C_0805_2012Metric","http://www.farnell.com/datasheets/2047835.pdf","GRM21BR60J476ME15L","2362109",""
"C203","100n","Capacitor_SMD:C_0603_1608Metric","https://api.kemet.com/component-edge/download/specsheet/C0603C104M4RACTU.pdf","C0603C104M4RACTU","2581045","16V"
"C202","47u","Capacitor_SMD:C_0805_2012Metric","http://www.farnell.com/datasheets/2047835.pdf","GRM21BR60J476ME15L","2362109",""
"R141","10K","Resistor_SMD:R_0603_1608Metric","https://www.vishay.com/docs/20035/dcrcwe3.pdf","CRCW060310K0FKEA","1469748",""
"R139","0R","Resistor_SMD:R_0805_2012Metric","https://www.vishay.com/docs/20035/dcrcwe3.pdf","CRCW08050000Z0EA","1469846",""
"C200","100n","Capacitor_SMD:C_0805_2012Metric","https://api.kemet.com/component-edge/download/specsheet/C0805C104K5RACTU.pdf","C0805C104K5RACTU","1414664",""
"C207","100n","Capacitor_SMD:C_0603_1608Metric","https://api.kemet.com/component-edge/download/specsheet/C0603C104M4RACTU.pdf","C0603C104M4RACTU","2581045","16V"
"L1","15uH","Inductor_SMD:L_Bourns_SRR1260","https://www.bourns.com/docs/Product-Datasheets/SRR1260.pdf","SRR1260-150M","2113015",""
"R148","2K7","Resistor_SMD:R_0603_1608Metric","https://www.vishay.com/docs/20035/dcrcwe3.pdf","CRCW06032K70FKEA","1469768",""
"R145","20K","Resistor_SMD:R_0603_1608Metric","https://www.vishay.com/docs/20035/dcrcwe3.pdf","CRCW060320K0FKEA","1469774",""
"C209","47u","Capacitor_SMD:C_0805_2012Metric","http://www.farnell.com/datasheets/2047835.pdf","GRM21BR60J476ME15L","2362109",""
"C210","47u","Capacitor_SMD:C_0805_2012Metric","http://www.farnell.com/datasheets/2047835.pdf","GRM21BR60J476ME15L","2362109",""
"C206","100n","Capacitor_SMD:C_0603_1608Metric","https://api.kemet.com/component-edge/download/specsheet/C0603C104M4RACTU.pdf","C0603C104M4RACTU","2581045","16V"
"C204","47u","Capacitor_SMD:C_0805_2012Metric","http://www.farnell.com/datasheets/2047835.pdf","GRM21BR60J476ME15L","2362109",""
"R144","100K","Resistor_SMD:R_0603_1608Metric","https://www.vishay.com/docs/20035/dcrcwe3.pdf","CRCW0603100KFKEA","1469649",""
"C214","100n","Capacitor_SMD:C_0603_1608Metric","https://api.kemet.com/component-edge/download/specsheet/C0603C104M4RACTU.pdf","C0603C104M4RACTU","2581045","16V"
"L2","10uH","Inductor_SMD:L_Bourns_SRR1260","https://www.bourns.com/docs/Product-Datasheets/SRR1260.pdf","SRR1260-100M","2212501",""
"R155","15K","Resistor_SMD:R_0603_1608Metric","https://www.vishay.com/docs/20035/dcrcwe3.pdf","CRCW060315K0FKEA","1469758",""
"R152","68K","Resistor_SMD:R_0603_1608Metric","https://www.vishay.com/docs/20035/dcrcwe3.pdf","CRCW060368K0FKEA","1469832",""
"C216","22u","Capacitor_SMD:C_0805_2012Metric","https://api.kemet.com/component-edge/download/specsheet/C0805C226M9PACTU.pdf","C0805C226M9PACTU","1108326",""
"C217","22u","Capacitor_SMD:C_0805_2012Metric","https://api.kemet.com/component-edge/download/specsheet/C0805C226M9PACTU.pdf","C0805C226M9PACTU","1108326",""
"IC19","TPS54308","Package_TO_SOT_SMD:SOT-23-6","https://www.ti.com/lit/ds/symlink/tps54308.pdf","TPS54308DDCT","3007333",""
"C213","100n","Capacitor_SMD:C_0603_1608Metric","https://api.kemet.com/component-edge/download/specsheet/C0603C104M4RACTU.pdf","C0603C104M4RACTU","2581045","16V"
"C211","22u","Capacitor_SMD:C_0805_2012Metric","https://api.kemet.com/component-edge/download/specsheet/C0805C226M9PACTU.pdf","C0805C226M9PACTU","1108326",""
"R151","100K","Resistor_SMD:R_0603_1608Metric","https://www.vishay.com/docs/20035/dcrcwe3.pdf","CRCW0603100KFKEA","1469649",""
"IC20","FDC6330L","FDC6330L:FDC6330L","https://www.onsemi.com/pub/Collateral/FDC6330L-D.PDF","FDC6330L","9844864",""
"R157","4K7","Resistor_SMD:R_0603_1608Metric","https://www.vishay.com/docs/20035/dcrcwe3.pdf","CRCW06034K70FKEA","1469807",""
"C219","1n","Capacitor_SMD:C_0603_1608Metric","http://www.farnell.com/datasheets/2740652.pdf","C0603C102K5RACTU","1414608","50V"
"R161","4K7","Resistor_SMD:R_0603_1608Metric","https://www.vishay.com/docs/20035/dcrcwe3.pdf","CRCW06034K70FKEA","1469807",""
"C220","47u","Capacitor_SMD:C_1210_3225Metric","http://www.farnell.com/datasheets/2048597.pdf","GRM32EC81C476KE15L","1907527","16V"
"IC18","TPS54308","Package_TO_SOT_SMD:SOT-23-6","https://www.ti.com/lit/ds/symlink/tps54308.pdf","TPS54308DDCT","3007333",""
"R150","0R","Resistor_SMD:R_0805_2012Metric","https://www.vishay.com/docs/20035/dcrcwe3.pdf","CRCW08050000Z0EA","1469846",""
"R158","0R","Resistor_SMD:R_0805_2012Metric","https://www.vishay.com/docs/20035/dcrcwe3.pdf","CRCW08050000Z0EA","1469846",""
"C215","100p","Capacitor_SMD:C_0603_1608Metric","https://api.kemet.com/component-edge/download/specsheet/C0603C101J5RACTU.pdf","C0603C101J5RACTU","2773107",""
"R153","2K2","Resistor_SMD:R_0603_1608Metric","https://www.vishay.com/docs/20035/dcrcwe3.pdf","CRCW06032K20FKEA","2122405",""
"C208","820p","Capacitor_SMD:C_0603_1608Metric","https://api.kemet.com/component-edge/download/specsheet/C0603C821J5RACTU.pdf","C0603C821J5RACTU","2904785",""
"R146","2K2","Resistor_SMD:R_0603_1608Metric","https://www.vishay.com/docs/20035/dcrcwe3.pdf","CRCW06032K20FKEA","2122405",""
"C205","47u","Capacitor_SMD:C_0805_2012Metric","http://www.farnell.com/datasheets/2047835.pdf","GRM21BR60J476ME15L","2362109",""
"C218","22u","Capacitor_SMD:C_0805_2012Metric","https://api.kemet.com/component-edge/download/specsheet/C0805C226M9PACTU.pdf","C0805C226M9PACTU","1108326",""
"C212","22u","Capacitor_SMD:C_0805_2012Metric","https://api.kemet.com/component-edge/download/specsheet/C0805C226M9PACTU.pdf","C0805C226M9PACTU","1108326",""
"R147","12K","Resistor_SMD:R_0603_1608Metric","https://www.vishay.com/docs/20035/dcrcwe3.pdf","CRCW060312K0FKEA","1652834",""
"R149","3K","Resistor_SMD:R_0603_1608Metric","https://www.vishay.com/docs/20035/dcrcwe3.pdf","CRCW06033K00FKEA","1469790",""
"R154","62K","Resistor_SMD:R_0603_1608Metric","https://www.vishay.com/docs/20035/dcrcwe3.pdf","CRCW060362K0FKEA","2138478",""
"R156","27K","Resistor_SMD:R_0603_1608Metric","https://www.vishay.com/docs/20035/dcrcwe3.pdf","CRCW060327K0FKEA","1652864",""
"R159","22K","Resistor_SMD:R_0603_1608Metric","https://www.vishay.com/docs/20035/dcrcwe3.pdf","CRCW060322K0FKEA","1469779",""
"R160","2K","Resistor_SMD:R_0603_1608Metric","https://www.vishay.com/docs/20035/dcrcwe3.pdf","CRCW06032K00FKEA","1469764",""
"R35","100K","Resistor_SMD:R_0603_1608Metric","https://www.vishay.com/docs/20035/dcrcwe3.pdf","CRCW0603100KFKEA","1469649",""
"IC23","NCP718ASN250","Package_TO_SOT_SMD:SOT-23-5","http://www.farnell.com/datasheets/2711392.pdf","NCP718ASN250T1G","2981161",""
"C237","100n","Capacitor_SMD:C_0603_1608Metric","https://api.kemet.com/component-edge/download/specsheet/C0603C104M4RACTU.pdf","C0603C104M4RACTU","2581045","16V"
"C238","100n","Capacitor_SMD:C_0603_1608Metric","https://api.kemet.com/component-edge/download/specsheet/C0603C104M4RACTU.pdf","C0603C104M4RACTU","2581045","16V"
"C240","47u","Capacitor_SMD:C_0805_2012Metric","http://www.farnell.com/datasheets/2047835.pdf","GRM21BR60J476ME15L","2362109",""
"C239","47u","Capacitor_SMD:C_0805_2012Metric","http://www.farnell.com/datasheets/2047835.pdf","GRM21BR60J476ME15L","2362109",""
"R178","100K","Resistor_SMD:R_0603_1608Metric","https://www.vishay.com/docs/20035/dcrcwe3.pdf","CRCW0603100KFKEA","1469649",""
"R176","0R","Resistor_SMD:R_0805_2012Metric","https://www.vishay.com/docs/20035/dcrcwe3.pdf","CRCW08050000Z0EA","1469846",""
"C224","100n","Capacitor_SMD:C_0603_1608Metric","https://api.kemet.com/component-edge/download/specsheet/C0603C104M4RACTU.pdf","C0603C104M4RACTU","2581045","16V"
"L3","12uH","Inductor_SMD:L_Bourns_SRR1260","https://www.bourns.com/docs/Product-Datasheets/SRR1260.pdf","SRR1260-120M","2859155",""
"R167","11K5","Resistor_SMD:R_0603_1608Metric","https://www.vishay.com/docs/20035/dcrcwe3.pdf","CRCW060311K5FKEA","1469753",""
"R164","23K2","Resistor_SMD:R_0603_1608Metric","https://www.vishay.com/docs/20035/dcrcwe3.pdf","CRCW060323K2FKEA","1652861",""
"C227","47u","Capacitor_SMD:C_0805_2012Metric","http://www.farnell.com/datasheets/2047835.pdf","GRM21BR60J476ME15L","2362109",""
"C228","47u","Capacitor_SMD:C_0805_2012Metric","http://www.farnell.com/datasheets/2047835.pdf","GRM21BR60J476ME15L","2362109",""
"C223","100n","Capacitor_SMD:C_0603_1608Metric","https://api.kemet.com/component-edge/download/specsheet/C0603C104M4RACTU.pdf","C0603C104M4RACTU","2581045","16V"
"C221","22u","Capacitor_SMD:C_0805_2012Metric","https://api.kemet.com/component-edge/download/specsheet/C0805C226M9PACTU.pdf","C0805C226M9PACTU","1108326",""
"R163","100K","Resistor_SMD:R_0603_1608Metric","https://www.vishay.com/docs/20035/dcrcwe3.pdf","CRCW0603100KFKEA","1469649",""
"C232","100n","Capacitor_SMD:C_0603_1608Metric","https://api.kemet.com/component-edge/download/specsheet/C0603C104M4RACTU.pdf","C0603C104M4RACTU","2581045","16V"
"L4","12uH","Inductor_SMD:L_Bourns_SRR1260","https://www.bourns.com/docs/Product-Datasheets/SRR1260.pdf","SRR1260-120M","2859155",""
"R174","39K","Resistor_SMD:R_0603_1608Metric","https://www.vishay.com/docs/20035/dcrcwe3.pdf","CRCW060339K0FKEA","1469804",""
"R171","33K","Resistor_SMD:R_0603_1608Metric","https://www.vishay.com/docs/20035/dcrcwe3.pdf","CRCW060333K0FKEA","1469801",""
"IC22","TPS54308","Package_TO_SOT_SMD:SOT-23-6","https://www.ti.com/lit/ds/symlink/tps54308.pdf","TPS54308DDCT","3007333",""
"C231","100n","Capacitor_SMD:C_0603_1608Metric","https://api.kemet.com/component-edge/download/specsheet/C0603C104M4RACTU.pdf","C0603C104M4RACTU","2581045","16V"
"C229","22u","Capacitor_SMD:C_0805_2012Metric","https://api.kemet.com/component-edge/download/specsheet/C0805C226M9PACTU.pdf","C0805C226M9PACTU","1108326",""
"R170","100K","Resistor_SMD:R_0603_1608Metric","https://www.vishay.com/docs/20035/dcrcwe3.pdf","CRCW0603100KFKEA","1469649",""
"IC21","TPS54308","Package_TO_SOT_SMD:SOT-23-6","https://www.ti.com/lit/ds/symlink/tps54308.pdf","TPS54308DDCT","3007333",""
"R162","0R","Resistor_SMD:R_0805_2012Metric","https://www.vishay.com/docs/20035/dcrcwe3.pdf","CRCW08050000Z0EA","1469846",""
"R169","0R","Resistor_SMD:R_0805_2012Metric","https://www.vishay.com/docs/20035/dcrcwe3.pdf","CRCW08050000Z0EA","1469846",""
"C233","150p","Capacitor_SMD:C_0603_1608Metric","http://www.farnell.com/datasheets/1955681.pdf","C0603C151J5GACTU","1414615",""
"R172","2K2","Resistor_SMD:R_0603_1608Metric","https://www.vishay.com/docs/20035/dcrcwe3.pdf","CRCW06032K20FKEA","2122405",""
"C225","330p","Capacitor_SMD:C_0603_1608Metric","https://api.kemet.com/component-edge/download/specsheet/C0603C331K5RACTU.pdf","C0603C331K5RACTU","2429352",""
"R165","2K2","Resistor_SMD:R_0603_1608Metric","https://www.vishay.com/docs/20035/dcrcwe3.pdf","CRCW06032K20FKEA","2122405",""
"C230","22u","Capacitor_SMD:C_0805_2012Metric","https://api.kemet.com/component-edge/download/specsheet/C0805C226M9PACTU.pdf","C0805C226M9PACTU","1108326",""
"C222","22u","Capacitor_SMD:C_0805_2012Metric","https://api.kemet.com/component-edge/download/specsheet/C0805C226M9PACTU.pdf","C0805C226M9PACTU","1108326",""
"C226","47u","Capacitor_SMD:C_0805_2012Metric","http://www.farnell.com/datasheets/2047835.pdf","GRM21BR60J476ME15L","2362109",""
"C235","47u","Capacitor_SMD:C_0805_2012Metric","http://www.farnell.com/datasheets/2047835.pdf","GRM21BR60J476ME15L","2362109",""
"C236","47u","Capacitor_SMD:C_0805_2012Metric","http://www.farnell.com/datasheets/2047835.pdf","GRM21BR60J476ME15L","2362109",""
"C234","47u","Capacitor_SMD:C_0805_2012Metric","http://www.farnell.com/datasheets/2047835.pdf","GRM21BR60J476ME15L","2362109",""
"R173","1K","Resistor_SMD:R_0603_1608Metric","https://www.vishay.com/docs/20035/dcrcwe3.pdf","CRCW06031K00FKEA","1469740",""
"R175","10K","Resistor_SMD:R_0603_1608Metric","https://www.vishay.com/docs/20035/dcrcwe3.pdf","CRCW060310K0FKEA","1469748",""
"R166","16K","Resistor_SMD:R_0603_1608Metric","https://www.vishay.com/docs/20035/dcrcwe3.pdf","CRCW060316K0FKEA","2138433",""
"R168","20K","Resistor_SMD:R_0603_1608Metric","https://www.vishay.com/docs/20035/dcrcwe3.pdf","CRCW060320K0FKEA","1469774",""
"R177","3K","Resistor_SMD:R_0603_1608Metric","https://www.vishay.com/docs/20035/dcrcwe3.pdf","CRCW06033K00FKEA","1469790",""
"R179","2K","Resistor_SMD:R_0603_1608Metric","https://www.vishay.com/docs/20035/dcrcwe3.pdf","CRCW06032K00FKEA","1469764",""
"J20","Conn_DC_Supply","TerminalBlock:TerminalBlock_bornier-2_P5.08mm","http://www.newark.com/pdfs/datasheets/spc/Ta-987.pdf","MC24366 ","2396251",""
"L5","MSD1260-103MLB","MSD1260-103MLB:MSD1260-103MLB","https://www.coilcraft.com/getmedia/79bacbf1-ec2a-4e20-9b30-12448424231b/msd1260.pdf","MSD1260-103MLB","2288031",""
"F10","2A","Fuse:Fuse_1812_4532Metric","https://www.farnell.com/datasheets/578288.pdf","1812L200THPR","1822216",""
"C244","100n","Capacitor_SMD:C_0603_1608Metric","https://api.kemet.com/component-edge/download/specsheet/C0603C104M4RACTU.pdf","C0603C104M4RACTU","2581045","16V"
"C246","1n","Capacitor_SMD:C_0603_1608Metric","http://www.farnell.com/datasheets/2740652.pdf","C0603C102K5RACTU","1414608","50V"
"C247","100u","Capacitor_SMD:C_1210_3225Metric","https://api.kemet.com/component-edge/download/specsheet/C1210C107M4PACTU.pdf","C1210C107M4PACTU","2491298","16V"
"IC24","LM2937IMP-3.3","Package_TO_SOT_SMD:SOT-223-3_TabPin2","https://www.ti.com/lit/ds/symlink/lm2937.pdf","LM2937IMP-3.3/NOPB","3122675",""
"C241","100n","Capacitor_SMD:C_0603_1608Metric","https://api.kemet.com/component-edge/download/specsheet/C0603C104M4RACTU.pdf","C0603C104M4RACTU","2581045","16V"
"C242","100n","Capacitor_SMD:C_0603_1608Metric","https://api.kemet.com/component-edge/download/specsheet/C0603C104M4RACTU.pdf","C0603C104M4RACTU","2581045","16V"
"C249","47u","Capacitor_SMD:C_0805_2012Metric","http://www.farnell.com/datasheets/2047835.pdf","GRM21BR60J476ME15L","2362109",""
"C248","47u","Capacitor_SMD:C_1210_3225Metric","http://www.farnell.com/datasheets/2048597.pdf","GRM32EC81C476KE15L","1907527","16V"
"C245","1n","Capacitor_SMD:C_0603_1608Metric","http://www.farnell.com/datasheets/2740652.pdf","C0603C102K5RACTU","1414608","50V"
"Q3","Si2319CDS","Package_TO_SOT_SMD:SOT-23","http://www.farnell.com/datasheets/2049359.pdf","SI2319CDS-T1-GE3","1858942",""
"D29","14V","Diode_SMD:D_SOT-23_ANK","http://www.farnell.com/datasheets/2236794.pdf","MMBZ5244BLT1G","2844829",""
"R180","3K3","Resistor_SMD:R_0603_1608Metric","https://www.vishay.com/docs/20035/dcrcwe3.pdf","CRCW06033K30FKEA","1469793",""
"C243","100u","Capacitor_SMD:C_1210_3225Metric","https://api.kemet.com/component-edge/download/specsheet/C1210C107M4PACTU.pdf","C1210C107M4PACTU","2491298","16V"
